Date,Location,Season,pH,Dissolved_Oxygen_mg_L,Turbidity_NTU,Conductivity_uS_cm,Temperature_C,Hardness_mg_L,Chloride_mg_L,Ammonia_mg_L,Nitrate_mg_L,Phosphate_mg_L,Iron_mg_L,Manganese_mg_L,Sulfate_mg_L,Total_Coliform_CFU_100mL,E_Coli_CFU_100mL,BOD_mg_L,COD_mg_L,WQI,Potability
2022-01-01 06:00:00,Lake_B,Summer,7.233876786381082,6.640912057635931,0.5495659310022565,178.38035991605483,20.803980151670164,85.6845261398063,61.679398136956685,0.09878561222860247,3.9606551079278765,0.056955825570320855,0.0372812106572968,0.024401162094159976,10.0,1,0,2.7545823969062866,7.031686119203231,94.35135650223744,Potable
2022-01-02 19:00:00,River_A,Autumn,4.739181454528952,4.2167148886648675,4.94088645113407,1448.624098742611,23.870725227366457,214.41737364058548,122.35535642816468,1.0359166938632032,19.098655878964063,0.12299936501821566,0.08398768110724152,0.3243164045172745,382.526343397569,93,58,9.55989981086782,20.39085484353504,31.016179326270137,Not Potable
2022-01-03 14:00:00,Well_D,Summer,7.274015879079844,7.245100155131541,1.1979254746333454,180.6095172994971,32.77103265009491,82.87340395387336,25.816463642346967,0.1914426131293726,1.9176299267281411,0.01,0.09242947371448074,0.017144470975153377,185.8492369305806,5,0,2.896782430558938,12.571385257219172,93.41225454754243,Potable
2022-01-04 10:00:00,Spring_C,Spring,6.362851139730685,7.943613922682179,0.11187071922612504,350.82365477576025,25.308641247460844,93.88142722257254,38.295055640638125,0.026531887276247498,7.547339886819227,0.01,0.015745240641679967,0.018034722516574425,129.68729814774278,2,0,2.3032487271273046,8.123781570676556,95.28359848008355,Potable
2022-01-05 07:00:00,Well_D,Spring,5.652186142227941,2.8043101964409525,1.9646410799675968,1042.4060579820798,26.862055719669723,319.9778565004932,132.30573050457016,2.0659447591067317,23.912909281766236,0.5774909305400164,0.23036380723635738,0.3406571281946072,280.35268830561057,87,46,27.426963506335362,42.744988057654666,41.88862266855203,Not Potable
2022-01-06 20:00:00,Well_D,Winter,6.156055482699696,7.86738869063063,0.4670788218325286,548.6397722556737,15.061344313868037,46.83524589455545,36.24511068625461,0.21880428467720875,9.64038676021812,0.01,0.023251129377330357,0.01,63.64920475577034,1,0,2.891579013095746,3.843409512395686,93.92360369804999,Potable
2022-01-07 06:00:00,Lake_B,Spring,6.833657904371191,7.390891482347431,1.2764716858162173,518.5451046800205,20.1397222037457,84.29098469408018,81.39976051509261,0.1155743426520328,2.593236000688732,0.01,0.05674046703759266,0.028730439419795056,90.0729205864814,0,0,1.1388681037734925,9.502842580363776,98.08529247127566,Potable
2022-01-08 18:00:00,Spring_C,Autumn,7.452713573312409,7.011402418007336,1.0305578657862353,646.9353980879675,26.767474025234662,30.367009578567114,39.072068458991865,0.6122341941693621,0.18058439960941275,0.027876887123989523,0.1040175197063127,0.017480140473189364,99.52308610079585,3,0,2.067232986309474,9.842655539434734,98.45416320132065,Potable
2022-01-09 22:00:00,Well_D,Spring,7.499997103962419,7.231005492696658,0.9379940952498095,534.002272111189,22.19495661611507,103.34994264676186,52.96432308105645,0.18740752988800136,6.795625280645326,0.028960264868993012,0.031735744626247585,0.01,52.0955984339406,3,0,2.739196767739077,9.091837971610037,98.59300885712528,Potable
2022-01-10 10:00:00,River_A,Summer,6.794963457895255,9.065171932528877,0.33307303454732257,147.14711624386763,13.103920710554858,70.32887851350925,46.25661531485072,0.049692136535803455,5.839623613534281,0.022624404098603963,0.04846817309319277,0.03635841280044038,75.03762286030866,2,0,1.2508252518604546,7.293132831222407,94.20759719183704,Potable
2022-01-11 10:00:00,River_A,Spring,6.970781529906541,6.634133562870941,1.3076557918090592,394.57037306154604,21.29082630724037,66.55724794304905,33.10389435636672,0.1304840809690416,5.607494021583557,0.0431005086941487,0.1324821524284586,0.04293117268355481,39.96027658229831,2,0,1.0145432122127194,8.831384813664876,98.03851631228642,Potable
2022-01-12 23:00:00,Canal_E,Winter,6.903081745500773,6.780756662037033,0.1,443.7587313403409,21.990393799005794,86.38047755053678,33.39182040860633,0.22503505870862317,1.8565168872371522,0.01,0.27791856892449496,0.012552475939590848,64.17975079483159,4,0,2.477169909189828,6.393168166901945,99.85,Potable
2022-01-13 20:00:00,Spring_C,Spring,5.783676598665613,3.155908251223349,0.1,1191.9278325346734,30.690507605326818,92.75017127376887,156.05091926173074,1.144083871847831,29.187462553746386,0.015126399821756596,1.230594853738207,0.1646423951211467,241.03115931107183,110,51,19.457372668132138,35.88654256049713,42.0735136603124,Not Potable
2022-01-14 03:00:00,Spring_C,Summer,7.186602826682169,7.635753879917665,0.3271247443363975,357.4297237346416,22.09666460820076,70.19554224936721,52.9612856289915,0.01659842528314413,3.099722578774786,0.01,0.01,0.05897945306894922,10.0,2,0,1.807203768826371,5.011105779577178,99.5093128834954,Potable
2022-01-15 07:00:00,Canal_E,Summer,7.534234064764555,5.975294550012194,0.1,295.47657998046077,17.946527969634705,96.35849231805742,67.80835047990541,0.17514285816116107,5.606181436029896,0.033627853051584285,0.041319049910811034,0.04278715425846098,118.12414430636608,2,0,3.1283734599392243,5.042335636350002,97.77588365003658,Potable
2022-01-16 23:00:00,Well_D,Autumn,6.941551568555108,6.146440143865607,0.21429757186941642,810.1117454188977,14.657814356846739,49.82835083949243,51.66313305427992,0.5908035829614017,3.6212956647471746,0.01,0.05085521015864816,0.01,16.90557571227349,1,0,3.626492292964384,9.59132456493424,95.02687746091242,Potable
2022-01-17 02:00:00,Spring_C,Spring,7.699344704946509,0.1,6.5756787478507075,680.0031600826574,31.385141863293107,223.5240317349376,110.23926144876748,1.3749630023935613,26.82104667433823,0.39399182849009867,0.8137103351751706,0.7730544689479236,183.5910410421393,91,58,31.933022665381262,59.33820318810545,41.78648187822394,Not Potable
2022-01-18 21:00:00,River_A,Summer,6.129617288791423,3.456954444522076,2.327032781911263,1330.7126262011802,23.22428993204967,169.24383543052454,180.01063495740146,1.8616277235651897,21.01213949665769,0.3632137576656154,0.36224438869247644,1.0126080452400334,94.36547562104698,100,61,10.837001758646956,31.400834566145367,38.93809392284733,Not Potable
2022-01-19 20:00:00,River_A,Winter,6.229149111188673,4.689444838986221,3.6895129223223955,950.0567839155935,13.136650928566109,198.91052181323803,155.996794513642,0.5431928082644969,29.270598651380936,0.04978360442977515,0.47751382487854993,0.9291257303465763,239.10838704950464,82,48,8.697089768097381,50.774490407740984,49.399809819495864,Not Potable
2022-01-20 01:00:00,Lake_B,Autumn,4.7952171048023295,4.159881481975575,0.3519690822222856,859.0609916121552,17.908968583546052,169.59966087714284,100.34395880898097,1.0684422114258152,37.297564330974645,0.19400044772801606,1.5758972209043338,1.2152666430901693,300.79070447739485,123,46,0.1,45.61733038408526,45.74664436762029,Not Potable
2022-01-21 23:00:00,Spring_C,Winter,7.29032273213772,6.653388290866671,0.2626839871866178,484.44621245848043,22.00895500369721,30.667418128924275,30.04517842726401,0.24631671403836344,5.347934474848091,0.01,0.03183206896617618,0.01439855843117693,38.21222075621645,4,0,2.7918863332282386,11.209232984593228,99.60597401922007,Potable
2022-01-22 11:00:00,Well_D,Spring,4.973795790487389,5.25963258300237,15.75573116549322,1089.4600834294722,34.68281629021692,132.88264012852676,153.65490386058255,0.9314164632399979,28.73026899064489,0.0586635197728696,0.31530805580974686,0.3600547694073631,406.27823352082123,88,64,5.078332615042601,38.6859037538919,33.632179659514584,Not Potable
2022-01-23 05:00:00,Canal_E,Spring,7.619592433858156,8.455707956121083,0.1,379.8664335268974,17.21525251905627,68.96720520547812,43.41204979675395,0.057602112016370256,5.621480962437141,0.031544847397423775,0.03791737374031056,0.0442459590181263,166.9002235669821,1,0,1.3890213151029287,7.626028580785404,99.85,Potable
2022-01-24 01:00:00,Canal_E,Spring,8.107686342413453,9.419000893218605,2.09292044260226,447.73048959585446,20.77278594220562,23.71823471553614,38.42852411252264,0.23227103221634038,7.756261280110006,0.01,0.47200579571983936,0.011227178274185394,79.4236336532809,2,0,2.42861849150781,5.202312989154919,96.8606193360966,Potable
2022-01-25 20:00:00,Well_D,Autumn,6.704986881846869,9.382361858513478,0.1923316131801786,323.38250742508114,22.483447516105592,10.0,36.699135528545476,0.271471980772629,5.277250393397143,0.014088155235633414,0.05646334225514371,0.01526179836346867,44.744937430082615,3,0,2.4894600832911244,7.57464278895954,99.71150258022973,Potable
2022-01-26 00:00:00,Pond_F,Summer,6.979996304502299,8.286312709880447,0.43578735979570143,411.57891089468603,18.524833011361977,65.43208499747516,74.28381110975457,0.039664901229900656,7.488196592014166,0.01,0.20386770484009667,0.06214946021518044,61.3142622292455,1,0,2.910186614376457,9.823721240717308,99.34631896030645,Potable
2022-01-27 11:00:00,Lake_B,Autumn,6.393265669865799,8.527677674801032,0.1,100.0,20.708454381685574,118.54677882105482,38.5405201346355,0.4917184237509684,0.4000870530157261,0.0354941227827843,0.22682787008780048,0.01,86.00951879189572,0,0,0.3748502396112974,12.855012881023328,89.42306267946319,Potable
2022-01-28 21:00:00,Canal_E,Winter,7.665504732163928,7.631102090685918,1.5612896081754613,556.7273985403109,24.377999226998227,79.63045024617732,69.80925515350188,0.27817877971980465,5.0988343921252595,0.011687817914234603,0.18079315333026497,0.01,69.25514861385733,3,0,3.292833342001526,6.65890392453073,97.65806558773681,Potable
2022-01-29 11:00:00,Spring_C,Autumn,7.032746246821627,8.019864852012269,1.0509031953112684,634.0727511184189,18.97718005317403,49.95090289856667,45.39184179181062,0.541736577667221,1.6191939116049152,0.025430161982573047,0.01,0.03214830717770782,63.69674289611882,1,0,2.6868592573272023,10.099738054930395,98.4236452070331,Potable
2022-01-30 16:00:00,Lake_B,Winter,4.693754834076085,2.4630842528980286,5.009278649528509,394.05600029852985,29.03097782640177,160.06857411407526,134.53505870533675,1.9052300633821697,44.67913934398084,0.5503499293010929,0.0805685018973919,0.5733303820268646,328.87682337447916,95,54,19.32262561847982,13.193754621581888,39.40035412070566,Not Potable
2022-01-31 09:00:00,Spring_C,Autumn,6.8978307152766805,7.87121286805683,1.2171983304516463,789.638719190667,20.274584292322857,97.21670853623677,43.35016612360199,0.5604777225970493,6.152578130030218,0.010677401860325429,0.013781777993744679,0.0356598645140634,100.6912686595295,1,0,1.872198133854883,7.54660865443223,98.17420250432252,Potable
2022-02-01 15:00:00,River_A,Summer,5.2442021602342415,4.743301183561128,20.0,1370.6045952258733,19.62049351926433,158.96446646808445,161.1340231799604,1.5306533885851414,59.803273304012194,0.22576543975760113,1.3686054103906036,0.12856251971515745,424.1019788582763,96,43,18.036034678274902,1.0,27.747643263232252,Not Potable
2022-02-02 14:00:00,Lake_B,Winter,4.835963444727675,1.810311982249275,0.1,1215.9773520319322,18.145765054594346,340.7293718598837,189.87338466039122,0.10434278870376229,20.7447372213947,0.6550283948152931,1.1915626641653256,0.45280125450095937,198.88836203662487,107,34,18.467751191391667,45.901463443611576,33.88512944517954,Not Potable
2022-02-03 14:00:00,Canal_E,Spring,7.547116705242992,6.8337612757417725,0.9571114588679684,635.7544248765166,24.346243072427516,96.57706969333624,47.2003259424773,0.28791319692446804,3.9894411056685786,0.01,0.02164584871787834,0.046318143617611225,86.9271532613806,2,0,1.0754475612555408,9.306204624452782,98.56433281169805,Potable
2022-02-04 18:00:00,Lake_B,Spring,4.823974422653299,5.460800356338555,4.240699760154117,1739.2637322997662,22.19065251715386,317.0499162713379,177.44746883056797,2.4748574905615146,57.93674750463478,0.39142887834988144,0.12215047052101116,0.3359428723666988,290.652251167579,90,52,14.965745163082813,40.32204491963904,35.81724911939769,Not Potable
2022-02-05 11:00:00,Lake_B,Autumn,7.583906959738199,7.649931670063391,0.6681650365185234,513.5509798124344,11.366094272583153,55.67485157750717,34.29980080594742,0.182216360518186,0.1,0.040464538403101415,0.0339424047658571,0.025374797107524327,131.29259825953977,1,0,1.5637628966326353,9.59454305409608,98.99775244522222,Potable
2022-02-06 22:00:00,Lake_B,Spring,7.594950040018937,6.880065812595104,0.1,242.5597574524828,21.330434643178233,20.881577817892143,50.21475127548387,0.13462724612393553,5.206557733551656,0.017743608413348308,0.028555846922323692,0.01,63.523508518629015,2,0,2.2508661136981676,9.293631919749934,99.85,Potable
2022-02-07 19:00:00,Pond_F,Winter,7.004287241656632,9.907377583931218,0.1,272.86448226437915,16.542255711031228,54.36593812620845,60.81896841455851,0.01,8.4135851429271,0.01,0.11545333340177258,0.01,40.22315336767039,2,0,2.8229577977676077,11.562083658015773,99.85,Potable
2022-02-08 02:00:00,Lake_B,Spring,6.465460219681896,7.672594103914866,0.6132075663788727,298.95400922971277,20.458519997396383,103.14810931004061,20.74808478800575,0.195951166677302,5.325180399944584,0.01,0.02067502913655593,0.036030652898078545,57.75569249427457,0,0,2.2722421409695714,13.506721917148484,94.94202952915927,Potable
2022-02-09 04:00:00,Spring_C,Summer,6.750419186498981,7.057274947815338,0.6679006739932318,403.09262999739354,25.52346932277631,58.56967491716285,75.98124436104413,0.10785689079955055,4.745744926315366,0.047005399911912375,0.07833307951184425,0.01,44.976311572916494,1,0,1.9897013013238725,10.747477296588851,98.99814898901016,Potable
2022-02-10 18:00:00,River_A,Summer,6.529735698308742,7.65161882736063,1.1136984744471803,547.5689941106546,26.791170088569512,65.63622846677931,5.0,0.1642913161347599,5.429171865648232,0.0313555361894075,0.42996393160414403,0.012140586754201226,18.95970183400503,0,0,2.8275431521494214,10.011980393633443,98.32945228832924,Potable
2022-02-11 06:00:00,Well_D,Autumn,4.451318239761888,4.290684072633305,6.031970688349201,1276.83552885126,14.067255262126956,180.00576504952866,112.33778954582414,2.9630151275074437,36.30454254266114,0.8657480454487987,0.3937314642133718,0.1017343136785355,436.32602402533814,94,49,18.253210071422135,61.10819429784604,30.87683621165477,Not Potable
2022-02-12 20:00:00,Lake_B,Winter,7.869057608223841,7.6878025478910885,0.575893734871332,448.1127925773604,26.941170059401696,53.46731283522331,59.3217387094685,0.6766094164781398,5.584903657521664,0.01,0.10268679106766375,0.01,114.18344500530242,5,0,1.2542622930662,1.2030013582426253,99.136159397693,Potable
2022-02-13 08:00:00,Canal_E,Summer,6.4426929362661145,5.131924474428748,13.957007962274869,1086.0378692632592,16.982742997110613,77.76339123673894,110.92672895087699,4.251905464191925,44.86494151692244,0.4747160145053348,1.7938502299563563,1.154886566902558,290.09557068736376,92,52,13.220397511673173,61.69996565707356,38.57597712940182,Not Potable
2022-02-14 06:00:00,Lake_B,Summer,6.190222225511416,8.791946696566866,0.1,567.5229482388154,27.59412109882865,84.77686533576261,7.483304580588381,0.27664886791558835,2.3033558029352568,0.09712655644298795,0.014808130021323883,0.03443815918558371,88.7178747184033,0,0,0.1,13.568550919456921,94.61088890204567,Potable
2022-02-15 17:00:00,Canal_E,Winter,6.948228255130688,1.3773787690517394,1.397259749796995,961.9652216864765,25.69937409545167,158.18605949069317,155.74628755144607,5.0,20.865312197369395,0.2099744913916543,0.21982813099351178,0.45532515862057166,460.16634576691854,102,54,13.0080826276983,1.0,45.10676835716258,Not Potable
2022-02-16 03:00:00,Spring_C,Spring,8.306095654692342,8.970320772036485,0.14266679791335707,191.32428208878213,22.55520181816604,54.143877231469034,53.39391849206867,0.17910130696011814,4.7086911781559975,0.01,0.1898403476176909,0.023564784336141995,60.16366681183482,1,0,1.6365758118999967,4.981676325505075,95.1558640344617,Potable
2022-02-17 13:00:00,Canal_E,Spring,4.0,2.90890288442176,1.1083111259572873,920.1608796073997,23.630796522986735,227.61186989828994,180.55383581854875,0.20297743055206233,29.436040634348316,0.11057612014154362,0.3301222921145352,0.7085999855465998,193.95103107320472,93,55,17.97851118880016,21.543068402089965,37.81182877021835,Not Potable
2022-02-18 17:00:00,Well_D,Autumn,6.124385191064666,8.162481060164517,0.30565818050047844,453.9491750913973,22.164948074066313,79.75799579314672,33.397331788390815,0.01,2.5829300209936656,0.050711672259064706,0.09193856611279398,0.015458069519660061,78.99026319728175,1,0,2.2985807512008556,11.315249134186358,94.03905349350794,Potable
2022-02-19 08:00:00,River_A,Spring,8.084149154198386,6.63377305199275,0.24022315892224985,560.0179324711627,27.640930062203516,83.46017395576449,69.25424192127568,0.24235962455221782,4.521674887945992,0.028864893079889254,0.015480826561967179,0.027144946558381605,83.07722364841712,1,0,2.459712632538998,1.8880393182318063,99.63966526161663,Potable
2022-02-20 20:00:00,Canal_E,Winter,7.220844518565971,8.332899328597389,0.1,250.713051341402,21.353347050545768,115.84961758205112,52.35363519403552,0.06544684586458197,4.2300040209154375,0.0869936918953641,0.2317410284567644,0.01,32.924178133491864,3,0,1.1709811445076612,8.421229565165879,99.85,Potable
2022-02-21 01:00:00,Canal_E,Summer,5.473705598711876,3.7979859114177055,8.786753738358343,1102.3115531522642,28.94144727376404,145.80230596178188,144.03395476668007,1.878018550148271,0.1,0.07836514896503012,2.084529348494306,1.285079023889222,308.14610282023796,90,51,18.437693427366106,11.742001898352676,32.57397622427915,Not Potable
2022-02-22 19:00:00,River_A,Spring,7.42554764829149,7.039593384360757,0.17179257856711072,215.15633154158218,17.520034278913535,68.52942488555095,58.99659835510263,0.045198817319125784,6.539315717319954,0.01,0.04352202052874227,0.05988459761984394,111.65396523173474,1,0,0.6940367200475874,3.1867436611485207,99.74231113214933,Potable
2022-02-23 14:00:00,Well_D,Autumn,6.675496538714757,8.36474469164084,0.1,603.8876978578917,21.305483867049396,86.5347932326944,31.38962336043264,0.06301034554196525,11.713889053472654,0.03912952468922605,0.04708167241374314,0.01,37.34654920314143,2,0,3.8132374499616652,4.763396530411058,99.85,Potable
2022-02-24 06:00:00,Lake_B,Spring,5.288287569864199,4.946132131934556,0.22140690471694197,1151.2303223442536,26.118765250813958,199.67129966320627,137.53025348072424,1.2797993423010867,22.492037195234257,0.01,0.28194173005224316,0.19426570361972803,164.68790019958766,121,35,18.471719139397596,11.298151515961269,45.89098148302125,Not Potable
2022-02-25 11:00:00,Canal_E,Winter,5.907594701329911,3.171520336955533,6.008867227658616,1237.344013453759,23.57307629436341,350.43913825884476,155.62260766443094,2.880896835194566,6.138351283850334,0.01,1.170671987937879,0.057157174850953646,367.2711260408644,116,55,9.42262364397479,30.73744092585029,33.07147877289193,Not Potable
2022-02-26 07:00:00,River_A,Autumn,7.511198435261644,7.938382580128403,0.262521045325053,247.090719329356,20.999566164017367,70.66589491777302,52.089800552382705,0.19156347471644142,0.1,0.01,0.162021769660613,0.0267756117436743,122.20433282859678,3,0,0.6284266198386637,5.15017180787034,99.60621843201241,Potable
2022-02-27 14:00:00,Spring_C,Spring,7.229200736051334,6.46828298806644,0.3227716415299775,508.114780737639,19.893802762316938,153.3189823470737,41.94786917682337,0.5502378020764669,3.8194114100479055,0.027330510100943638,0.12717345528063145,0.015439093291412647,22.284098226549702,1,0,1.854648952087406,5.991770551143698,99.51584253770503,Potable
2022-02-28 02:00:00,River_A,Autumn,7.244804079963805,8.743183437214359,0.8696544029722919,656.2198371844748,17.692097814677965,72.9960850499522,39.91581250836294,0.640698227614766,9.665723418836599,0.04544668462052683,0.01,0.01,86.80246890023274,0,0,0.1,4.396660558445256,98.69551839554157,Potable
2022-03-01 13:00:00,Spring_C,Winter,6.609303008350599,6.601186811965098,1.6360870131733738,285.48212438259793,26.143538646214335,104.70819296692997,44.9840192255011,0.04666655623647317,4.835058819656057,0.012419275680168453,0.08320532244202088,0.07631255860759051,31.3491984867386,3,0,2.3146785461834707,8.226258592506236,97.54586948023994,Potable
2022-03-02 16:00:00,Well_D,Summer,4.7687916595608275,2.7652394537469407,3.599253662060986,671.0795906484666,32.88331372608388,219.43936227483212,123.76154274160513,0.01,23.966350354135134,0.5873261197684786,1.1304529357339994,0.3080175851214386,205.4129756554668,87,48,5.896227364667423,30.913223016216058,43.92200450639265,Not Potable
2022-03-03 03:00:00,Lake_B,Winter,7.170862172768951,4.962473746337153,0.699210945889515,1328.3727461362976,28.865153266233047,209.85761927936858,169.7736645822979,4.812370800113041,22.575598773071565,0.36812774708778695,0.042645662588976445,0.1478000774173068,286.6340614617184,90,47,5.893837840322133,29.811849993728913,52.91301362813272,Questionable
2022-03-04 17:00:00,River_A,Winter,5.789096110328493,4.108958761248445,2.9039087225804088,1188.3114272445116,20.936782719521798,190.17716683616504,175.97152052570954,1.3451853001262633,28.544650938923848,1.8846418108282759,1.4525857394106199,0.24242677509500166,447.6251774849498,117,56,24.667309795459726,26.872629347080483,40.80272623252102,Not Potable
2022-03-05 07:00:00,Pond_F,Winter,6.107144758762329,8.61394863321566,0.9468279552687285,552.4786365547969,21.91046877843251,77.41043816098882,45.18242810853349,0.14647190433249802,9.898328740358245,0.029403513350985788,0.17361952828156055,0.01,30.388147565893235,5,0,1.845754226975786,6.93864878183703,93.00833710214623,Potable
2022-03-06 03:00:00,Canal_E,Winter,6.241026763011244,2.384047962028798,12.14979649738807,1007.4605452048891,30.11329603946809,110.07790522155133,198.8272237576904,2.6170410073284494,29.862114563065404,0.458980147040921,3.0,0.20595402462344375,427.73014379984454,96,67,4.299437141785349,43.8950881442779,30.10434276005804,Not Potable
2022-03-07 01:00:00,Well_D,Summer,5.06053533591207,2.238924477380852,0.3143194697208307,754.3707678366937,21.16428509611565,245.05429583075605,252.82256653279944,0.10307753935222917,32.52691262408283,0.3378882402279628,0.10706980901059218,0.0832940308169511,80.66121915871983,98,56,20.08592905896794,68.44487678263543,46.78743557120959,Not Potable
2022-03-08 05:00:00,River_A,Summer,6.267864183366874,0.4500604189754682,5.9211354374571,612.204242752225,29.74008800971027,258.895459208187,145.59521546687273,0.28104975061880955,6.8333876621919885,0.10812514765540772,0.7600295661319271,0.3113596748889999,195.02308307227992,115,59,28.277820986616177,46.13770637916331,37.53993483420825,Not Potable
2022-03-09 21:00:00,Canal_E,Autumn,7.2434295815809016,6.780680009870447,0.28122712468655664,525.3028906495298,33.37578958610272,61.4774004115225,28.86662814237775,0.19518784772599618,3.5434944695434747,0.036315176350736875,0.24256525808929977,0.01,91.95241428570205,3,0,1.994841778767815,11.802599200780495,99.57815931297017,Potable
2022-03-10 09:00:00,River_A,Spring,7.658314233078765,6.8010495605363985,1.9335233467618114,511.56446297917535,26.348409448062974,30.281162602107877,63.70095252523372,0.12670787569413183,2.4922484456612444,0.020562614900878934,0.04771416635142503,0.015255760863400768,120.23564127076583,5,0,3.0582732079795925,13.450717054561494,97.09971497985728,Potable
2022-03-11 03:00:00,Spring_C,Summer,7.120126679817392,8.752212909759818,0.6342234683946675,479.35110948464677,23.26097970628342,41.184378472329634,5.0,0.024796107558640257,4.1826170546982695,0.016912057466692644,0.18209773378352073,0.02379779859348537,44.437787397780085,2,0,1.4612222260614423,3.1099573938203218,99.04866479740801,Potable
2022-03-12 21:00:00,River_A,Summer,6.606651441156034,8.154654162908008,1.059122646319113,318.1819667501838,21.8335627560267,21.330589334809062,55.61768050277976,0.09170581030151909,2.453291374027776,0.0926121566588051,0.03756555744802919,0.029746257269742112,76.60210074821546,4,0,3.1546336579054275,12.557050477055167,98.41131603052133,Potable
2022-03-13 17:00:00,Pond_F,Spring,7.965366196268998,7.684652775904601,0.34040213241406403,612.4444156528667,26.005226148308903,36.90860202660246,73.02578377075494,0.01,2.225841009521154,0.01,0.08442103120509731,0.01,66.57424062850473,3,0,0.1,11.895707146935287,99.4893968013789,Potable
2022-03-14 11:00:00,River_A,Summer,4.289522020884387,3.559249487697948,0.4787497964614334,990.0877263780163,27.18977308391358,201.00039928203395,106.69394748829191,0.3559849132431182,22.46748012645178,0.2816785542135622,1.5208192490930006,0.08389798846314081,403.25259430539427,116,53,2.4350773221452915,66.07634503010308,39.766395956269,Not Potable
2022-03-15 01:00:00,River_A,Winter,6.495244341263403,9.068339276030125,0.10734238176057123,288.68658347330023,26.558551248056126,93.28048064550958,39.86979106431834,0.4465046388839078,6.932160885668662,0.011036096459972625,0.11331883222487019,0.01,10.0,1,0,2.1872430223361374,9.391339047389021,95.81996379241275,Potable
2022-03-16 09:00:00,Pond_F,Winter,6.966592527105109,7.329820333493449,0.1503127893617192,647.1442515776628,17.651425999050804,56.647982176132075,25.156360763812554,0.4323458346868374,4.286126012178259,0.010232752764931595,0.2141736731064519,0.011284541597935365,34.92764105569866,1,0,0.7949988557746264,9.907921819097014,99.77453081595742,Potable
2022-03-17 03:00:00,Well_D,Spring,6.9863376587159145,6.18593269146596,1.4052214574760926,469.7504151953081,19.753904571141074,77.66877356649152,71.65029270845015,0.24049110703592574,3.501468740901477,0.01896370993802144,0.026738579839997348,0.011382370645809901,138.4570447430886,0,0,2.369538949896088,4.730551689538322,97.89216781378586,Potable
2022-03-18 13:00:00,River_A,Autumn,7.430848459062106,8.587195184395304,0.7032703960207608,469.3705429717759,14.647282002382163,74.05687633530044,68.54843715284602,0.12538583741690287,5.846770731746483,0.13578864436746355,0.030431237289488874,0.013791538698060277,92.95374893646506,2,0,2.1722079719856855,7.816743650166927,98.94509440596886,Potable
2022-03-19 15:00:00,Pond_F,Autumn,8.373523741686366,7.6818390372050604,0.3294269819441604,423.5466995371976,24.456304892196368,84.97146506448921,37.09276338217958,0.14350093352574037,0.5160934667283215,0.06588917699686644,0.12175343251634803,0.044666895278349675,70.34499310284681,1,0,1.267807489685701,8.469195798022739,99.50585952708376,Potable
2022-03-20 14:00:00,Canal_E,Spring,7.461209306641282,8.453671678165781,1.2990372408329758,438.30099051224164,22.99971610505276,38.95555205448224,37.62724972780944,0.029449305948973714,5.919117631899039,0.01192265682402713,0.019503460115873512,0.032704911948703154,10.0,1,0,1.2295522908125696,4.7602070751469645,98.05144413875053,Potable
2022-03-21 07:00:00,Spring_C,Spring,7.303421925998263,7.455235192613492,0.22644214306655513,655.6348782464655,19.754067900935905,101.77581145370645,73.73534200453301,0.08341153655628629,4.718691796936262,0.016490638052553647,0.06241257320807127,0.020251674372002038,103.72673906275588,3,0,1.127958504221912,6.983250084374893,99.66033678540018,Potable
2022-03-22 13:00:00,Spring_C,Winter,8.427888099781278,6.661310476296107,2.984851855421505,604.9612476897773,18.283444836096727,27.784690451392215,60.63226293577089,0.04158402249795261,4.810886509912317,0.0332127109610655,0.01,0.04332742753373471,43.533874507573,1,0,0.4334715038775958,12.203532408466089,95.52272221686775,Potable
2022-03-23 22:00:00,River_A,Autumn,7.689446769956363,7.902821721082977,0.33827329652308097,601.7770625459123,27.51488890680027,56.56560392840178,14.268313205785084,0.34429771070947335,6.5575002527208355,0.01,0.015196230256089875,0.022693202484396376,30.50126311601428,3,0,3.610087102681545,13.04997227940881,99.49259005521537,Potable
2022-03-24 07:00:00,Well_D,Summer,7.327124602067465,7.510175070741431,0.32915952768192025,477.68465288180676,21.46558424958732,69.37283776670265,46.085951905940156,0.49244258547216413,9.930572026380476,0.05146957356093866,0.1135835719009324,0.03416914493704418,34.51105438390727,2,0,1.7896122362891442,4.6892512106493385,99.50626070847711,Potable
2022-03-25 20:00:00,Well_D,Winter,7.769255955674749,4.342513002090182,5.137319812152008,1040.044608422554,35.0,260.18415505132054,126.61619840851861,0.6108722370183193,12.547666675334765,0.053005728513000255,0.4996936860075624,0.054443131416022805,234.18039422783409,110,48,18.194722085610795,40.61734749089633,47.220890161704226,Not Potable
2022-03-26 15:00:00,Canal_E,Spring,7.358100038102281,9.116570494117417,0.10418856377354258,324.85303889391423,29.687731854472098,111.3792800665226,54.9526894525921,0.2602172181261963,4.400376476585652,0.05838937710862845,0.012252818850050359,0.014898001153142763,77.16153302095384,2,0,1.877690117813889,11.712073389281809,99.84371715433969,Potable
2022-03-27 12:00:00,River_A,Autumn,6.305768139851083,4.562778215622043,3.4112451596984146,996.5346105320056,24.553517059407785,253.1711063663739,180.02435213813067,0.31679147617082176,23.93194479595427,0.3538660102887304,1.5163799985447337,1.5,467.2730316293359,83,45,22.84559960981905,43.197115048770456,48.89652030874275,Not Potable
2022-03-28 17:00:00,Spring_C,Summer,7.245717063779498,7.785918660475983,0.8355380331800863,426.9767952046549,26.554468285815144,112.47749072367576,39.74577676455563,0.18757165120838915,0.1,0.01859687409422584,0.010414397431890815,0.01,125.02884952518181,3,0,1.181927111516028,10.630296818544776,98.74669295022987,Potable
2022-03-29 14:00:00,Well_D,Summer,7.857201212384736,6.681003309841323,1.6643090754637642,141.02925188875162,17.396037743957706,45.12472211478086,53.56719304719756,0.24266395117755085,5.383652501488587,0.01,0.056812436025973204,0.023448033936789563,50.42128893773632,2,0,1.6353265966568167,7.138994424885767,92.11897516513562,Potable
2022-03-30 20:00:00,River_A,Winter,6.929838908431256,4.909454026879942,1.2505035563765388,212.08475117670548,20.58021507917211,105.71111440213629,41.044446743065606,0.12057653430357462,1.2210999794573985,0.0152945513384301,0.01348077162014855,0.05451966637216233,78.2921908554667,1,0,3.303985992110907,4.748819447932247,92.85260674607503,Potable
2022-03-31 23:00:00,Well_D,Autumn,7.456770354081757,7.451034810977776,0.12168929585232809,350.553182986617,24.009164901529545,100.55970189739902,118.28374051960117,0.05575056725941795,0.1,0.01850930591261759,0.05750015744924069,0.025031219411560637,67.87934963312628,2,0,0.8321878198978874,9.850327039447276,99.8174660562215,Potable
2022-04-01 12:00:00,Pond_F,Autumn,6.75484377003969,3.2582761383602357,8.26159351744529,1051.565450275399,30.712180788623808,196.16489661240917,122.94854681352743,1.1776845486865122,54.30702352058367,0.11177211958557254,2.4101671101543913,0.098906171581999,210.97682728409367,107,47,12.689368977771851,51.1273077794935,39.108956384781784,Not Potable
2022-04-02 08:00:00,Well_D,Spring,6.542396724976779,2.8981278936562003,4.729195320498704,1275.5652471380993,35.0,252.87355097240865,195.08462730980844,0.7459833418971068,35.36020426138108,0.26731082685094915,1.478397187665616,0.27592088021803407,189.30427344191483,98,50,8.631892374533354,35.469034675100616,40.26711199314905,Not Potable
2022-04-03 14:00:00,Spring_C,Autumn,6.78868929225545,7.282459251416056,0.1,361.33248939229367,19.844660615903983,88.06112270145347,86.85615116623126,0.46023178578831536,7.2329114496078235,0.1015276098980796,0.03291438366530291,0.033170599181794345,73.43312401812207,0,0,3.823280943287923,8.825174204948912,99.85,Potable
2022-04-04 12:00:00,Lake_B,Autumn,6.599740380056067,2.944680657984315,1.4768490815243138,862.0257018592979,22.86348025407935,219.9728942807393,248.95891255569117,0.43461740430525475,1.8219702135660967,0.12007962148113528,0.8138982166623129,0.6778554240483129,354.1184974451444,84,59,5.819303770527064,52.45493764956031,53.588382823777,Questionable
2022-04-05 00:00:00,Canal_E,Winter,5.418912161411514,2.6456458027531244,1.9831782046539987,1264.475495316569,27.721737759982553,223.05277471719316,62.274371105554096,0.6310675090771221,14.565263116983745,0.17225962186697183,2.291344924336877,0.6324970980657223,119.56492289110366,86,54,9.704087754022142,64.02777143104387,37.270686317175894,Not Potable
2022-04-06 06:00:00,Canal_E,Autumn,7.7761663043707525,8.816958836686704,0.1,649.6210863051617,20.088686490503722,133.42525653825626,31.007938259914532,0.04268140440914508,7.707725088812201,0.030771522791662786,0.04269815153265278,0.03680144598728053,77.86739281056272,2,0,1.2819299035147222,1.8234732582420055,99.85,Potable
2022-04-07 08:00:00,Spring_C,Summer,6.699115860717673,6.663372070709369,0.1,624.7685609730202,23.156049822129354,73.3312045291272,62.700201130201776,0.018148633815294194,0.5957899622340408,0.01,0.039916373407945016,0.03987406787560455,47.36022829249764,2,0,1.2319907649565338,9.190017579622307,99.85,Potable
2022-04-08 23:00:00,Well_D,Winter,7.234235684264335,9.083225529692506,3.6648827741602967,453.28219808569776,24.807829966529304,74.15216302462183,40.11301035643734,0.08219689979338297,4.551213087779726,0.01,0.08473213807885135,0.01,164.85752288182073,4,0,1.7309186916624961,6.90215525832488,94.50267583875956,Potable
2022-04-09 00:00:00,River_A,Winter,5.530893809490916,1.8441481284207288,2.428491353708467,1166.1305388446297,24.57796930196877,224.74506664130718,101.64632058635028,0.47524366267800644,25.391005578647267,0.08058744829265638,0.1230776674863086,0.2653355382261103,277.1644461315047,116,56,14.923262859308988,42.90803029137136,34.021324509993704,Not Potable
2022-04-10 11:00:00,Well_D,Spring,7.406528266893091,7.18221939566393,0.47035002541779225,542.5860681534573,19.165634932247137,51.629170126112825,60.16101996869085,0.14810231973830684,5.139123845435901,0.036180628851825505,0.10543435535717227,0.01,56.9789132585387,3,0,0.9364170332693502,8.935969061588738,99.2944749618733,Potable
2022-04-11 07:00:00,Spring_C,Autumn,7.489645072152443,6.770920836897301,0.5619425321462684,413.15020860608945,26.639059847807086,43.0647811188429,65.60744523980148,0.20049443907168035,4.534552170252498,0.03189434516432259,0.1785350673535486,0.01799052693304941,96.09265745646309,2,0,1.5368831960460514,10.12322350892841,99.1570862017806,Potable
2022-04-12 23:00:00,Canal_E,Spring,7.780341247848563,8.547912969130579,0.1,579.245199445822,24.054716700099476,102.36925690417908,60.49037585043912,0.17268682422789355,5.084270059736927,0.01,0.06149249075161339,0.0154855013753572,45.951022328902766,2,0,2.8572605869118104,5.17054032898136,99.85,Potable
2022-04-13 10:00:00,Well_D,Summer,6.9685254672873205,7.25908875490638,0.14815986334101924,601.335308308579,22.795094601380914,85.13900862778155,45.51921212289967,0.06001575511209231,5.736601994627451,0.01,0.11378958575733254,0.02175664388898612,81.06944388077555,0,0,3.6091331868207464,7.335717490719584,99.77776020498847,Potable
2022-04-14 18:00:00,Canal_E,Winter,5.569211304313162,3.989581799484591,8.90530806953137,550.122534742545,20.868444080409176,102.15950648509843,168.1265760987653,0.3045120947611641,5.723187125304513,0.040631887653245456,0.5821093745389092,0.4432069551258726,334.6905639403201,105,45,5.260844469315806,30.37853686287317,40.88762851140937,Not Potable
2022-04-15 16:00:00,River_A,Winter,7.288255638081373,8.062316620623259,1.1472989337270132,473.0322957481112,28.72904937702823,86.81500715998644,70.18169882026527,0.01,2.4611619277727996,0.01,0.01,0.01162786245866538,102.03746599194935,1,0,1.3377744065464878,6.921735285681611,98.27905159940948,Potable
2022-04-16 07:00:00,Canal_E,Winter,7.332701914174269,7.917263447858186,0.5659306461442117,471.37557338642483,19.079751122987403,62.394395627767686,78.18054849330314,0.08554623969951572,0.1,0.01,0.020262585520119624,0.0438407092689584,29.707367007000116,1,0,1.8449895772956393,7.2732071859940275,99.15110403078369,Potable
2022-04-17 02:00:00,Canal_E,Summer,6.39089460264342,8.637706202714778,0.8126720312935671,577.4429201176057,23.661023313470988,77.03472153935625,31.242633774167917,0.25387476641281415,4.387918515586273,0.03498950244904036,0.22398920407320755,0.033161895973672514,201.16371965898196,1,0,2.4122871338764202,8.788889490850467,94.34457036363332,Potable
2022-04-18 02:00:00,Lake_B,Summer,7.387535957341389,7.849594999360297,3.369128259041277,383.4212474325995,19.88548203359929,76.8929166155712,64.71754723225375,0.29128236696054627,5.1724482629158235,0.05330682049691957,0.2795114900031928,0.030781554836335837,127.27207620394131,4,0,1.708526382343626,2.860236435159652,94.94630761143809,Potable
2022-04-19 00:00:00,Lake_B,Spring,7.734925249350519,6.950853022954282,1.1688330685315587,360.3359500835357,14.254776774639987,82.60801631438797,26.592745048288272,0.10761146075988476,5.139738744427825,0.015768732130068054,0.15161280952543232,0.012258896184086663,161.3001991608462,1,0,2.7118348830772154,6.426753631644323,98.24675039720266,Potable
2022-04-20 04:00:00,Pond_F,Spring,6.743525963487995,8.769678839602134,0.45584007529862963,475.34994904667303,14.149061900548478,78.98955770190238,54.06864349523795,0.01,7.858763190746634,0.03540588237276071,0.25414534882537126,0.01,69.75535997602809,2,0,1.2699544061735015,10.366389325258341,99.31623988705206,Potable
2022-04-21 09:00:00,Lake_B,Spring,7.417777924187407,8.866990432678843,0.47311088266766643,627.2038834880359,17.941454500093148,82.63148953494726,58.18840972416661,0.19248980403382146,8.391818903068778,0.01,0.03654975358253991,0.013555573915853244,89.87168388953896,0,0,3.613281918841604,6.819066922691644,99.2903336759985,Potable
2022-04-22 06:00:00,Canal_E,Autumn,7.646131830185067,7.733205963985207,0.7714862877839923,270.09343268850995,19.366227335950818,107.67424931456722,41.47560452390652,0.013034609800646926,4.687931588692272,0.10867045815698374,0.028463468283581456,0.04574320030013453,81.45837588074345,2,0,1.9124884135971392,15.009716667671544,98.84277056832401,Potable
2022-04-23 08:00:00,Spring_C,Winter,7.493339104265041,7.560321914532972,0.8757724129713531,296.2790769994308,30.691798997443456,89.21688259220572,51.90142873786153,0.022825494709067015,4.709405490509573,0.012923373153343095,0.048499575169474125,0.01,58.117628896509444,0,0,1.3688856949339903,8.27223335660401,98.68634138054297,Potable
2022-04-24 06:00:00,Canal_E,Winter,7.540503119370778,6.1767289768948945,0.5556560352188554,371.92426380441174,24.793553737224357,59.892947118221215,66.9640634299443,0.21010774460807005,6.719385798711952,0.056098164131711994,0.01,0.08101705046510035,110.30435676105647,4,0,2.591605001948727,2.4439244805992475,99.16651594717172,Potable
2022-04-25 08:00:00,Spring_C,Spring,7.07759987909685,6.8924736576535235,0.8281973153989898,398.61343918776714,25.15337208343768,67.06141762044476,47.81166989497979,0.07493529388594487,6.279645138553925,0.08721317099707518,0.1660055745740689,0.03297299699388762,44.65394717594722,1,0,1.0208540882255144,9.331624402679706,98.75770402690151,Potable
2022-04-26 07:00:00,Spring_C,Winter,6.636247831129702,8.260769641959353,0.1,185.16257963437278,19.451685974998576,106.90511763991199,36.49724990879604,0.08555139292198724,3.6723253945959966,0.060010918455144495,0.41461949664029557,0.024745752100167197,107.93003747622106,5,0,2.147919025802776,4.832231656389462,95.12743869451559,Potable
2022-04-27 11:00:00,Lake_B,Spring,6.976426768808044,6.9427196996372995,0.4491659957248472,674.7292930372721,22.24530867807779,73.37267364844644,25.524415744553224,0.13342068724970532,6.977041508416327,0.01,0.173743773209463,0.02261196608379917,60.076347815096135,2,0,3.4014036890445496,9.019980646595554,99.32625100641273,Potable
2022-04-28 01:00:00,Well_D,Autumn,6.906971449064688,6.043162130606677,0.261624207374426,430.4540112976332,31.224611938984857,58.779447479287015,42.1847126749118,0.7686710560465944,4.560876773151554,0.03152100306344094,0.08096255710542882,0.017687407122106473,95.96111100240313,2,0,0.7834601149617426,6.302815417383837,99.60756368893836,Potable
2022-04-29 00:00:00,River_A,Autumn,7.159870476896227,10.9958777896001,0.11065088300292797,407.9843213730043,17.142329304889742,51.065849736098926,26.50556837581822,0.6730245189193436,4.6246677838993175,0.01,0.03499575143062988,0.025507251152890622,138.46528430524947,4,0,3.191379168848054,6.501727562804199,99.83402367549562,Potable
2022-04-30 15:00:00,Lake_B,Summer,7.746635452729965,6.036594041573311,0.1,693.3956307053126,23.824955189469257,78.19114324498742,42.4523195672112,0.10766026255268124,6.300841385265921,0.01,0.0220270044471759,0.010960360522265122,74.67945746010486,0,0,0.7089537821107077,11.105473047088559,99.85,Potable
2022-05-01 22:00:00,Lake_B,Autumn,6.544079935917916,9.756751396434117,0.7394425278813435,557.6690242685719,28.445183067641054,44.35429592363272,40.695150731408226,0.061712843526928775,4.09650014077023,0.01,0.045265557555469,0.03732381306247498,111.20895138028911,1,0,2.8204752550604195,3.24954229836786,98.89083620817799,Potable
2022-05-02 22:00:00,Well_D,Spring,5.436442654117686,2.9722611174104276,8.243956491458547,810.8370712785953,25.425539201854853,161.19216485591846,229.93454222065654,1.7098211504195935,36.49640068013052,0.3385546584452037,2.039887865952625,0.027824540974958397,242.10091081443517,91,40,19.172458582382088,45.176814162538285,34.98406316233528,Not Potable
2022-05-03 23:00:00,River_A,Autumn,6.265891177342413,4.052773928238139,10.854013447811484,921.7690461231796,16.883059449376027,250.4820538722788,263.97083684256813,0.08756376644054042,32.29224527659394,0.810801522200992,1.2513989473700369,0.5014637300712136,385.8370459415397,105,45,16.179162461506564,17.65159845198429,35.89535080223637,Not Potable
2022-05-04 04:00:00,Canal_E,Summer,4.964296248492875,2.9070708808528547,8.466245958105945,628.4310432895999,18.139916283594623,270.767768538047,115.22553554512959,1.2444932991865134,46.36763438354542,0.5549421261364004,0.17926013727965578,0.4857958898914018,257.8002623266579,91,56,19.979597915028073,10.840658156252871,37.22902869937115,Not Potable
2022-05-05 02:00:00,Pond_F,Winter,7.479370376305921,8.282837164737892,0.5421849994835954,667.2526285393915,24.41381210074839,61.44309052382653,9.728215269847304,0.1867178015141198,7.2444217408258265,0.023759948839081575,0.1925658995656249,0.01,109.90836604188317,1,0,1.6434846919802202,6.953256796672927,99.18672250077461,Potable
2022-05-06 11:00:00,Pond_F,Spring,6.394255543748934,3.0087503199981502,6.6574772105925035,1010.0803949931969,24.540918384345552,139.08558663209635,168.75834621620305,4.459367145751881,34.14914009401423,0.21266911906224242,0.7347192139295005,0.8927673550804975,400.049663649056,97,41,10.953830226139155,24.802303394563722,37.415851394203486,Not Potable
2022-05-07 07:00:00,Canal_E,Winter,5.846638674458276,2.3435876148645507,1.1684926331057115,445.0887562984119,30.951968959345816,181.71175234808268,117.17661818370578,0.6131730243761755,23.84924366942345,0.207058853343183,0.13976225742894086,0.27900760246263356,262.8638892934841,97,44,16.254053963661836,54.28211864691633,49.1145785927682,Not Potable
2022-05-08 21:00:00,Lake_B,Summer,5.985178997960303,4.588115744872214,0.7131665496117313,736.2510953136004,22.801072119531607,184.21477270710085,156.55275998637015,0.5900554991060921,17.456647748815083,0.41693181087396536,0.18918821871007857,0.4151178420371528,118.84331681861039,105,48,21.789332375744063,27.69257314877596,56.63531340204026,Questionable
2022-05-09 02:00:00,River_A,Summer,8.250095092675423,3.303081924038469,5.087311068978863,1583.3781980791068,21.638607444978938,113.68416167270489,195.44890181794148,3.853437098227835,32.36098311340547,0.17227326545011665,0.26601644456252976,0.09407556346030216,154.7756454041691,88,55,16.06339761367119,22.250544444225355,39.078279168647114,Not Potable
2022-05-10 00:00:00,Lake_B,Summer,6.930774652321442,3.97858307436535,1.926424491465117,896.3594058579783,31.71668422620631,148.67196010655746,122.48172361342479,0.8102475698926013,47.54096046309564,0.062368952770675175,0.5698856439697156,0.21606081134878308,251.82339387575465,91,57,9.260056069560763,1.0,54.450721398028705,Questionable
2022-05-11 02:00:00,Spring_C,Winter,6.891093660371692,6.414543923103784,0.5733596301222048,550.5317483449965,22.25063746501819,98.35219803607274,71.55625634692063,0.15600064314424344,2.1319251118038554,0.019461144060292958,0.08949161601575778,0.01,106.02176593761641,1,0,2.293939848286231,1.0,99.1399605548167,Potable
2022-05-12 04:00:00,Lake_B,Winter,8.148247191564781,8.208421042894582,0.1,460.7645146072578,28.985566551263418,74.10248829812896,51.82516893606005,0.22490261670301293,0.1,0.04587415146367464,0.026114469449871405,0.01,145.66923478154894,2,0,3.5248670444098233,5.107915003011395,99.85,Potable
2022-05-13 14:00:00,Lake_B,Winter,4.033970268795174,5.412583967035788,0.1,899.7542855637003,23.729298337591793,271.5515344241054,82.81488076056561,0.5486699217453663,25.39975652826512,1.34125040806154,1.118726593229942,0.19809534720463975,278.2712400450903,114,66,19.6577779662423,10.086050953311943,46.227318692832554,Not Potable
2022-05-14 13:00:00,Canal_E,Winter,5.485391556563391,3.5324523821364986,11.676761993162629,1172.4606609515151,30.27234048025465,66.66486921803605,192.69964335467589,1.6457882674524378,35.27344464912571,1.7982124494905518,1.9602713209436289,0.1531351450677528,211.11117329754904,90,46,26.415193822602507,1.0,28.952013458390333,Not Potable
2022-05-15 02:00:00,Canal_E,Summer,4.0,2.4674270334417727,0.12463036638733319,1151.4598459533402,35.0,162.9484374765173,114.71658321370597,3.32264400744479,30.18186974332243,0.7596086179422298,1.43133852286012,0.06553035321220349,285.92581993267186,118,60,20.41725443802212,28.058466765508907,33.44343786144422,Not Potable
2022-05-16 00:00:00,Canal_E,Summer,6.433963641600302,4.917494205478074,1.1751683567412887,882.772476080644,22.646933900793947,395.38662462745776,109.44463348756,0.4443893170368297,38.69594734650099,0.07523846798471082,0.23429243830895588,0.1368372357747882,302.0369351110326,108,57,8.410629175042388,58.946420794061986,52.98399750651383,Questionable
2022-05-17 04:00:00,Pond_F,Spring,7.5406480872102355,8.42624432152489,0.13168786510582048,392.03171538661115,18.139601317053682,68.64175577596949,45.029092609744474,0.01,1.9184811249442912,0.02063769415435852,0.2261864452091078,0.01,86.77352184224812,3,0,0.6884003542800896,7.690394150229813,99.80246820234126,Potable
2022-05-18 22:00:00,Spring_C,Spring,7.0632678767725885,7.026428766228692,1.7627467016631269,585.9848641025552,23.43631318937262,38.66810314393289,54.61884154813377,0.1961762264278072,6.048865917607959,0.01,0.10557904219197245,0.01,34.55362869313718,5,0,3.203604394781903,8.37040561441487,97.35587994750531,Potable
2022-05-19 13:00:00,Canal_E,Winter,5.013236344423776,2.7312753635048574,12.136541355457881,546.908573658925,18.50797842878159,119.04677426470421,123.72348199474516,2.4217378173310657,34.14593467218084,0.6545024532408451,0.011499157231276926,0.540492611289791,199.80978231575554,107,53,14.20285402795243,59.81172490628147,33.24677146820967,Not Potable
2022-05-20 06:00:00,River_A,Autumn,7.634051571478965,6.389347803750314,1.1613630630588954,647.5924211666377,14.725785861253186,91.01691024680125,56.606261092637645,0.2210994129293333,6.6697340662267335,0.016372377764889756,0.01,0.02985401762480978,49.18586497073605,5,0,0.1,8.37660661397165,98.25795540541165,Potable
2022-05-21 08:00:00,Pond_F,Autumn,4.362275124082938,5.858912022686347,3.5893997234716752,1040.5739621053694,33.67613530033884,105.42254159666493,121.72769340462884,0.3577291908232171,25.285603261419247,0.8818955295204726,0.03628598859809628,0.5764507066152479,214.61539245582898,113,50,18.21761451319447,26.357673281252914,41.53312754760274,Not Potable
2022-05-22 14:00:00,Well_D,Summer,8.057850917197195,6.965284392189355,0.1,490.7693527698505,26.649234078672798,78.7062735526392,56.35223922867887,0.49521573688758536,2.8766290782401014,0.09267520819772199,0.08879126353987592,0.06030989936760372,61.10014556261726,4,0,1.5997508633470525,6.682389684932414,99.85,Potable
2022-05-23 14:00:00,River_A,Summer,6.3563752882734645,6.081291462452526,0.3799817669379727,374.52646435885987,21.53871760084945,54.38209252609321,52.402316256348314,0.6346027289919293,0.41927061113841546,0.05680937075975851,0.07704722897552153,0.055694708785224804,19.844803705787427,2,0,2.9380748369730663,8.523162887023053,94.8555285026869,Potable
2022-05-24 09:00:00,River_A,Summer,6.573437605899474,7.7136458815124715,0.12382304699063967,238.26507672240643,25.239551267895493,85.50665456186738,52.56458767547086,0.01,3.831006814102648,0.0907632867024788,0.15411572924988715,0.01,77.42273413112605,2,0,0.4802728688792517,8.113976319404628,99.81426542951404,Potable
2022-05-25 12:00:00,Canal_E,Spring,5.130268770752853,4.776258791490219,8.141963014951298,1191.1507212104511,18.127782160245292,172.4050139414786,114.05229105723676,0.01,5.420613554290764,0.09394283671084938,0.850117246457108,0.04856076266514301,363.9861734574514,102,41,3.153595263249329,54.14498954658018,32.26964611689835,Not Potable
2022-05-26 18:00:00,Well_D,Spring,6.424234726624912,6.469985424136892,0.498996436946403,862.2967401725831,22.92802513259521,52.75378924461896,93.52186420471928,0.22978225876448374,6.29764605469831,0.01,0.19455905270588691,0.03432036584579522,38.715434847849544,2,0,2.0643668471412906,5.920327158268439,89.5139931484913,Potable
2022-05-27 06:00:00,Well_D,Summer,6.822821628273367,2.029026887504944,2.438309196490231,1318.7000987260178,34.295021894676424,222.7593548327596,152.98004944873182,1.2765551228007206,40.712812211646444,0.3742909043015691,0.20805500366511356,0.08892782348703515,292.0514623190669,100,45,22.184739120917126,56.64354781436823,40.14911538688922,Not Potable
2022-05-28 16:00:00,Pond_F,Summer,4.978578145339637,3.3284887850009888,2.3416023086688256,978.0084528731328,29.740757275712944,253.27917243641218,136.28787713968546,0.036095895168081364,40.136244739066306,0.4032237822314502,0.17959375605427733,0.6912685189408648,333.29877325113813,91,66,22.510790370212057,36.933955984574965,40.56724868026129,Not Potable
2022-05-29 19:00:00,Well_D,Summer,8.032821335044646,2.371026682002418,10.870441232213633,865.5898421698868,23.582846700301257,190.0986441434731,199.40355564290692,0.7585380448212188,28.89149945077278,1.1890085011242515,1.9022527821837631,0.213243951796967,320.3853408725554,101,41,10.417791901090842,4.782253378498595,36.62923241345895,Not Potable
2022-05-30 03:00:00,Spring_C,Autumn,6.831172117232134,3.3735175145467857,0.8206668733801357,698.5908701037179,27.054990801462484,274.49110401881876,232.2556996255202,0.5422511662875311,18.204253684153812,0.4898619256316092,0.24518397329742472,0.01,184.95502133679662,92,47,8.247021890506309,40.21509317246548,60.08955223357016,Questionable
2022-05-31 04:00:00,Canal_E,Spring,6.5273157738822505,8.177159712065787,0.23129859893419402,312.3221352156094,21.74420602927741,38.452258201564305,82.31576302296678,0.36320652329890196,7.9410478086163865,0.02941817931307577,0.2821166025385666,0.013561655875839847,69.0501935021538,5,0,1.130079272354966,9.618669359350415,99.65305210159872,Potable
2022-06-01 22:00:00,Well_D,Autumn,7.612007415299176,7.134637009227269,0.8408302878760949,353.17321108659064,20.587383848217677,35.427322619170276,38.74125074332992,0.01,0.1,0.01,0.04090126065120706,0.01,92.06693044959349,3,0,1.2051335340096432,13.043287079986108,98.73875456818585,Potable
2022-06-02 06:00:00,Pond_F,Autumn,7.866221395533198,3.309969657147508,0.28002740907934925,649.8254321516551,27.592173639895197,203.71517823535683,123.90493126564148,1.0062899018985485,18.81449695163481,0.34815473758002163,0.12013599596130282,0.16874261655784822,193.09052757875344,91,50,7.134340729836118,34.505729193549,60.8598678578235,Questionable
2022-06-03 12:00:00,Spring_C,Summer,7.635288107907121,7.410774547083336,0.10409370327368764,370.2954199704467,18.62831067103283,70.98457856137948,45.57193348771183,0.11411566837034333,10.480199908200756,0.01,0.10739070603226274,0.016025399851296585,99.2606781711195,2,0,2.3889979454844124,7.082094508564339,99.84385944508946,Potable
2022-06-04 14:00:00,Lake_B,Summer,7.07674565372293,8.399435040755723,0.96687553553694,424.1755328582931,19.54111417093904,92.8293032227548,57.35774554317032,0.04482048444163464,1.235121887588999,0.01,0.01,0.01,65.00009406010325,2,0,1.7760741750830518,6.96236719998799,98.5496866966946,Potable
2022-06-05 10:00:00,Lake_B,Winter,6.430982146117279,8.244584027199679,0.1,320.86483372597456,19.56661882418951,85.39911731685667,41.26707045429138,0.022759510798326787,6.593110497410233,0.024054748791142735,0.06813781445622119,0.01,81.74869805932333,2,0,3.4844839228984528,7.777643237916469,95.57392858446912,Potable
2022-06-06 03:00:00,Spring_C,Winter,6.450206271898534,8.558504300451178,4.62346506907072,264.6243387971663,20.97650191016784,113.76056929638227,53.53716016296511,0.11600931016052876,7.210370324950762,0.018029763817699607,0.044720154652395906,0.018170384534823492,68.41507891169479,3,0,2.749773025733715,10.702217990819577,88.86562748398805,Potable
2022-06-07 12:00:00,Pond_F,Autumn,6.535178348880346,7.019622509019678,0.16213605765419914,476.15630785125256,21.151202140519768,55.9841960717371,41.71366210696752,0.02631940843947806,0.1,0.01,0.20592909847323793,0.051771307069235606,49.86240836212521,6,0,1.6490621134940135,7.603712135379134,99.7567959135187,Potable
2022-06-08 06:00:00,Spring_C,Spring,7.1938608614438415,4.575074820803323,0.7214012768772625,422.6006940204449,24.796398358662028,54.2714179171838,76.29021399063464,0.13328025711500532,0.1,0.0521155917715995,0.20929687731849575,0.050608882474905525,75.56033456138972,3,0,0.7092897067856287,7.178784960788908,92.64312254709407,Potable
2022-06-09 18:00:00,Canal_E,Summer,7.256700031636303,8.747811197916247,0.42397219384197,384.5637344824775,20.63055345896529,41.20557983064868,36.27444751132013,0.19628164873374898,8.794143021790699,0.0633096333113268,0.12065746513536978,0.01,59.64318953003521,3,0,2.9914226122365295,11.218117020881278,99.36404170923704,Potable
2022-06-10 21:00:00,Canal_E,Summer,5.333711076113048,2.0951881558235677,1.1570192203331486,936.8465990200777,20.727569220338296,160.26744976324238,171.79963865320985,4.034631123587033,27.984915783656792,0.07589638295063705,0.014366628636346624,0.09106284672451548,293.16102384089135,92,55,18.264643023276264,33.30337525648484,40.532180956122005,Not Potable
2022-06-11 01:00:00,Lake_B,Autumn,6.301985506758462,8.166166065471662,0.1,221.97364416623338,25.45672281936713,70.65256552047882,38.29728287352669,0.22704453115032297,2.163105140705538,0.023365587601859254,0.1323088449796954,0.029879291332183082,44.783279520984564,1,0,1.9009737273119467,7.54073365211885,95.05794202703385,Potable
2022-06-12 09:00:00,Well_D,Winter,7.8556051151962,9.169228754640303,0.7798401736083744,489.480438449514,19.385955202667837,14.391894491150609,32.925073442385155,0.013484485350388754,3.4373715549526485,0.09712482137361403,0.045568566387949094,0.033091122029465,101.4709994353563,2,0,2.276882041390418,5.371604714542561,98.83023973958744,Potable
2022-06-13 12:00:00,Pond_F,Spring,5.373899322131145,5.411461381674326,2.53981985342714,1386.586938351428,28.861031044312668,238.02310474548645,85.60584224492904,0.27570974203682763,10.548410427970147,0.26507618745587913,0.9199938459750703,0.030776817829345438,394.08971461848995,94,54,5.198102482589727,10.990531810895767,41.52144757813543,Not Potable
2022-06-14 20:00:00,Lake_B,Winter,7.036581853468933,6.8501785218591795,1.4762074994629044,485.92342021691695,25.733673931833152,77.97910503451213,15.771285459304913,0.06792946459657628,6.578803036033488,0.040172025825452866,0.08067744897213136,0.01,45.068899107030944,0,0,3.603103603190312,8.741234404567734,97.78568875080563,Potable
2022-06-15 05:00:00,Well_D,Winter,6.561448345668669,3.235743524803227,3.705463950538717,958.7008508919147,35.0,300.78849527225,60.68224378300289,0.9955437342597057,29.543312810296644,0.3337547187879241,1.806117868493431,0.9043602175097905,310.3302356169224,98,47,0.1,27.173712495256076,47.56852188522288,Not Potable
2022-06-16 11:00:00,Well_D,Winter,6.495890760966304,2.3337669635508425,12.724136331469577,555.1024396510404,26.379409648147384,185.60346385573754,167.30095130767413,0.4441625357153766,38.34941260751259,0.2769836567705894,1.1439713706822627,0.08338651443454771,141.68775672809747,97,49,12.457100506004492,83.96095700505555,38.43486393451775,Not Potable
2022-06-17 11:00:00,Canal_E,Winter,7.239590411030282,3.49405971837529,8.358631129509684,1033.7143569390084,21.909663862059233,252.18612286625853,162.97575880227143,1.1278810799162864,62.97432114949689,0.27712798140118566,0.039557367152927826,0.16090137172107533,400.48015009011374,108,57,23.924429800609985,18.300432895465587,39.93851710677622,Not Potable
2022-06-18 19:00:00,River_A,Summer,4.826212386719771,1.7698174198556857,8.72088935424728,804.909997001064,28.837039075678376,157.53872894773144,164.16541115943244,0.5154095188220261,32.49801404862096,1.0273798514961108,0.37169199251601404,0.20175321213246838,389.7336745704938,109,46,13.397196069063227,1.0,26.959317820059262,Not Potable
2022-06-19 10:00:00,River_A,Summer,7.391805985393966,6.911961421541125,0.5427629370228025,401.71302883048645,19.933575258905748,81.40778278227768,64.5870535948927,0.4490658259691558,2.7439436999992104,0.01,0.04634496531262566,0.08211278741227117,56.84149513829852,2,0,2.2707194374559383,9.355756883058694,99.18585559446579,Potable
2022-06-20 22:00:00,Spring_C,Winter,6.743400547109195,7.471909686591978,0.8028127750033314,408.87337299533647,16.64206737875732,16.789033507641335,21.366821680054684,0.4381907712293376,7.489573803867363,0.01,0.13110633383598744,0.01,76.69004064753868,1,0,2.917529268691118,5.664397055854172,98.795780837495,Potable
2022-06-21 06:00:00,Canal_E,Spring,7.0589097104873755,7.27987631971003,1.3099650852426246,436.3607740764487,21.880732733324688,69.82308702009674,56.21087159861875,0.3858544507735697,5.210731665264839,0.023178726889092595,0.05287795829830744,0.02075848542717478,114.61102417443615,2,0,1.323691145509836,4.780703170079621,98.03505237213606,Potable
2022-06-22 00:00:00,Well_D,Autumn,7.63265845101019,6.906204677743675,0.4058443622182158,566.1187351017318,18.412110783603527,82.20160598956343,72.80987964616511,0.37297139917664246,8.337023775831,0.022834666907681572,0.03280339094786521,0.01,15.705137186674662,0,0,3.0352657725316976,10.784454453418011,99.39123345667268,Potable
2022-06-23 00:00:00,Pond_F,Spring,4.0,3.984536175943936,5.360574537180648,456.56437487123833,30.288993688869517,113.58602521877329,139.5274025840668,0.7474684853940192,0.1,0.9855226812236726,0.5888179294036239,0.1710541415967861,480.147361459218,105,51,11.739476671788928,23.980120852698576,39.91274672206084,Not Potable
2022-06-24 19:00:00,River_A,Spring,7.586553603347619,8.311940328395291,0.7172235094206527,470.2607819792691,18.76555000447285,86.00890837040313,60.271466560036586,0.03906474044522886,3.63970806302463,0.01086585805371293,0.11611609817079467,0.018004258117467222,103.27338403105816,4,0,0.9916688238753144,8.123120355953416,98.92416473586903,Potable
2022-06-25 12:00:00,Well_D,Spring,6.622410124429784,8.837831020966117,0.14512256628032214,265.8396987593218,21.929974203246893,120.42776869025995,27.134407884109216,0.12982148509526314,8.065759647458052,0.023330399931914974,0.06148787743602249,0.01,82.1791138309565,3,0,1.8711573202526655,13.851528467178582,99.78231615057952,Potable
2022-06-26 08:00:00,River_A,Winter,7.081709824635429,8.982714794172415,0.1,541.9588763649489,28.183241708656656,50.668928183514126,57.7131390647398,0.13648013460314787,5.5033194433791675,0.01,0.0833561017489848,0.01,77.1933320219518,0,0,0.6582419901411121,13.805107206300658,99.85,Potable
2022-06-27 02:00:00,River_A,Summer,6.047259421455416,2.547980325462673,11.678026808419975,726.311511045174,24.439022685999714,99.53604470571167,99.30740515270239,1.0299243091115466,14.845253105647265,1.1484348394364472,0.5909826961653925,0.13808491170641643,255.78323346578406,110,47,3.3305610940348505,46.78694022773045,36.83297866220968,Not Potable
2022-06-28 06:00:00,River_A,Spring,7.412589421137351,8.353724672257277,0.6329544169009957,312.61539093004205,23.911356813155795,76.25795796976591,63.22293911650905,0.15477281040271515,5.871204868905543,0.02578058434600133,0.14597689098686226,0.01,108.17735894986865,3,0,2.378473816656591,4.0785611998108005,99.0505683746485,Potable
2022-06-29 05:00:00,Pond_F,Winter,7.367828994824449,7.736325902727775,1.4651674359097382,279.22723650934756,21.4896891497909,99.04869999437145,61.982921737774106,0.05958878188920768,1.071612440472519,0.034700521100208104,0.2259252451983457,0.01,148.60416217375325,2,0,2.277924194976773,12.241435466683795,97.8022488461354,Potable
2022-06-30 07:00:00,Canal_E,Spring,7.2777136653714685,6.929328651386674,0.10910097007482265,437.52469337969467,23.531585824844353,66.73474286127573,22.93032780897695,0.09121736176050808,7.501543107426172,0.01,0.04377985547962962,0.02279252326617081,115.79746401419226,4,0,2.639558565501344,3.9661743407795944,99.83634854488776,Potable
2022-07-01 08:00:00,Pond_F,Spring,8.432866977709965,8.234218218708197,1.2883761467683605,631.7586447706032,24.755935810900215,37.99850120914393,52.73106481488385,0.11389818458226081,7.112356365043418,0.01,0.30257225776424956,0.010456785392807134,101.02902051756239,4,0,2.6550031346194505,9.425596828296486,98.06743577984746,Potable
2022-07-02 04:00:00,Lake_B,Winter,7.054596959927982,6.883394945954503,1.5902723080174848,305.19591834296796,18.053590547138047,97.1254674092412,79.05827288547744,0.02811032901044568,5.361075324451509,0.02499315997625958,0.10141235687423747,0.02590903140474322,77.84157218126477,1,0,2.374210253790025,7.196322674905088,97.61459153797378,Potable
2022-07-03 00:00:00,Well_D,Summer,6.996088456965728,7.123823397218311,0.13066245199672383,701.7863929761131,25.405348975695357,39.782182278395695,6.293823564351406,0.12152756888637084,0.1,0.01,0.1549763778418456,0.01,74.23346747455565,0,0,1.1483515257167372,8.227998261955856,99.80400632200491,Potable
2022-07-04 18:00:00,Canal_E,Summer,6.621625164831972,6.12327029749637,1.5262445354882699,586.4715333680358,17.593223789771677,124.26584133678833,69.33852227724131,0.33264118704497814,8.463214361355346,0.014947110921372735,0.12032032454504678,0.018825277005983354,79.87039606289376,3,0,2.9232698905454546,11.678874712545724,97.71063319676759,Potable
2022-07-05 09:00:00,Canal_E,Autumn,4.0,3.878236115624424,10.251948213124244,1011.5182024715953,21.32848411344739,351.168800371158,143.49472330768083,1.96535707297022,13.009206734351064,0.7233674298061776,0.09190481197786116,0.15771241713298434,347.7065866758261,99,48,4.673857373347907,50.69167257797477,25.111935309799343,Not Potable
2022-07-06 11:00:00,Canal_E,Winter,6.589841311392113,7.753861209014585,1.0381546364254968,392.5837226732518,17.572438381801437,52.03321790153905,20.307289590303967,0.10605734432434827,4.931124959366345,0.01,0.01,0.01,31.730760743797255,1,0,2.2402713227635465,6.175517827559005,98.44276804536176,Potable
2022-07-07 23:00:00,Canal_E,Autumn,6.84065903727836,9.068934495677496,1.2288372615238439,293.96245995137923,29.851184973482457,103.25954837518773,36.58601857705043,0.14629791373781242,4.458000562462879,0.01,0.12956732086162634,0.015740454842568842,90.54376322088926,1,0,2.1041071469276775,10.274157200093926,98.15674410771423,Potable
2022-07-08 14:00:00,Pond_F,Autumn,7.855036547218926,7.146504553798313,4.150175003440231,549.7433186603574,25.053366499748154,69.72432897907343,60.354866439010635,0.01,3.3898423180831907,0.05755067840113884,0.07155005004092595,0.01,70.26694026505096,4,0,3.5746008105277474,13.366454921110762,93.77473749483966,Potable
2022-07-09 21:00:00,Canal_E,Autumn,6.146478873663952,5.250857053444003,0.5129755615855265,1000.0297065555461,29.829526624282604,128.2933748709549,209.07306227946887,1.581128888947367,46.98348478548948,0.37982510662359775,0.38129900088411156,0.1564569955976273,252.83986464827655,106,56,5.713243448009839,52.91748421670502,52.06857771427634,Questionable
2022-07-10 23:00:00,Spring_C,Summer,5.428141511627498,2.885854847082061,9.597823861072543,492.0745552507162,23.951986359334374,328.2328184858908,75.41722609582993,0.44971135534275103,33.88905667602626,1.423315625732224,2.1762571288492327,0.2846541183174006,544.6113995560368,79,68,21.632710819315648,45.78164372362992,39.12339479614736,Not Potable
2022-07-11 08:00:00,Well_D,Winter,7.151863345898952,6.995447562915782,1.4538136347017179,401.14113348943675,19.914311823661457,13.654630014044876,71.17792531512143,0.11792964521649539,3.449821871332938,0.02372314018197665,0.037430737185750455,0.016282244487998292,53.622997625167386,1,0,2.531354542704788,6.7411681212010635,97.81927954794742,Potable
2022-07-12 19:00:00,Canal_E,Autumn,4.0591456987078285,1.9416688623326253,0.27636026771794736,1029.388979342838,21.510428661579216,162.99316223467997,197.07178100747794,0.8003055396867051,40.41480428962557,0.5186703327053073,0.08762819602611455,0.35555049196876265,201.6580992443366,99,39,9.827465760710929,39.16124338370893,33.8562142901097,Not Potable
2022-07-13 16:00:00,Well_D,Winter,7.901036073608922,7.633093735136784,0.6962806983380965,421.122566423617,22.588414105873674,21.156197145471786,35.13883800137974,0.12391780474218952,4.617220171079486,0.08232044731609107,0.1311306119748232,0.01,99.09081753201698,3,0,1.5153017086117404,10.53965502619566,98.95557895249286,Potable
2022-07-14 16:00:00,Spring_C,Winter,5.189853591964307,3.1746573609950905,1.3151419588097615,881.9341380252582,13.920758542204592,194.11326480956694,223.94654691262778,0.4443924743670327,18.35220059047798,1.2511973720563012,1.0960915542308656,0.02717487256566541,177.96058684359167,107,40,11.622490300886971,33.532253459137905,42.581661442248986,Not Potable
2022-07-15 19:00:00,Spring_C,Summer,5.661792486676069,2.8484418346771156,1.3957338491153337,1272.9987346363698,22.813085317981834,278.1835394473183,155.1357487286105,1.9513287532555201,21.05271320358426,0.1428511562162821,0.7869649308021901,0.11458077557538984,325.75866941323386,85,51,7.297791747109491,47.52062123400395,39.753913657517074,Not Potable
2022-07-16 11:00:00,Well_D,Autumn,5.9424807737324965,7.975366034347212,0.1,223.15866108883878,24.81861634799737,54.97970795513456,94.36880070606077,0.12910796762807095,4.489401668364808,0.025358200953703853,0.048444358753925804,0.01,132.49397677399836,2,0,2.3624245246135684,6.8146567921542704,93.61992309492999,Potable
2022-07-17 06:00:00,River_A,Autumn,7.214101355760964,7.353657646345164,2.0646450702461454,315.09388092680194,23.40569909976794,74.71455612372846,32.402355891010366,0.11046717266330337,6.029941837703464,0.017519335611016658,0.14735897245482632,0.01,16.70695106973792,1,0,2.5435148412975677,10.098584013290864,96.90303239463078,Potable
2022-07-18 01:00:00,Lake_B,Winter,6.819660107685533,5.318568446488825,0.9747678946871617,1177.5306470673636,14.144038042831948,278.3813773553091,203.2438097113655,2.0708544785892613,38.96085954601095,0.01,1.0624096101507197,0.11541657937234713,342.0884473931714,93,44,20.971240423869496,26.912065344985514,55.38059379142528,Questionable
2022-07-19 02:00:00,River_A,Spring,5.109652348116676,1.8762851029595984,0.1,1259.0111385521016,26.208400559609032,305.9862737592074,126.98428791669764,0.862044615138819,0.1,0.06693766668617153,0.05108608455090805,0.10412287718046774,352.75521835171355,94,55,11.777419211652262,21.845048264842415,35.43229762306397,Not Potable
2022-07-20 16:00:00,River_A,Summer,7.045887511438908,1.7040613247471796,2.9476265673318554,1100.6578676874137,34.77582929742589,143.24601283252053,151.6970488717865,1.832612733811688,44.99692648964488,0.1965152905823924,1.0920379672570906,0.11499609509373983,394.9751326875888,101,55,23.152184939568592,20.015495423874714,41.68087610793255,Not Potable
2022-07-21 04:00:00,Pond_F,Summer,8.200972983401487,7.81181418347726,0.1,265.75164073786647,23.819670946966724,41.45582452192835,67.84684883118967,0.12672045776364668,4.810566979385771,0.03164935645648474,0.08215059632519843,0.013551993668304528,165.29359890377924,0,0,2.389402960588926,12.080130845675185,99.85,Potable
2022-07-22 16:00:00,River_A,Summer,5.277003590894186,2.1900185464114648,5.738791110025573,1114.3503122471802,21.522816534543505,355.8216063148999,30.267387078395643,4.515134778026597,32.810034669644196,1.066314743086777,0.840597065425707,0.34887160164440845,231.09300657513614,93,49,23.474914452810864,54.684871665721644,30.904628654065075,Not Potable
2022-07-23 23:00:00,Canal_E,Summer,7.416983711232524,8.038806211751954,1.8640103399628734,493.5816389219619,18.846455544523973,50.877282613578174,68.22412596165564,0.11822163565583416,1.8577645481214535,0.01,0.23312625045607574,0.012142680456409913,75.34369622741814,1,0,2.165209344638734,7.658809706096787,97.20398449005569,Potable
2022-07-24 16:00:00,Pond_F,Autumn,7.4890585487369465,7.451393105127185,1.452495937649,355.8159993325066,20.92775631403155,111.35250364047715,77.69139382098773,0.10583918915616203,1.2044147839019246,0.016568381861614793,0.032288674511423046,0.01,34.47858765641523,0,0,1.7805558958534269,13.342651948816755,97.8212560935265,Potable
2022-07-25 16:00:00,Pond_F,Autumn,5.935761085215966,3.031421048287715,10.249476897538557,930.0621233121229,17.98660522422311,383.24520140975375,147.5707098609408,0.6528291539891964,45.114002616127586,0.0383705583306768,0.29659541102694836,1.0446176608890039,509.407309585432,89,50,15.546297989804758,40.309587211487646,33.036375636045165,Not Potable
2022-07-26 01:00:00,Spring_C,Spring,6.98294491025201,7.14519264981578,0.1079881415841715,740.2021844120726,22.89601253332612,22.945733017559384,91.06677620155354,0.05765468992378622,8.024067169149037,0.01149485297534844,0.022600757606113332,0.01,74.65311015667174,2,0,2.6346119196511433,5.47034653485421,99.83801778762374,Potable
2022-07-27 01:00:00,River_A,Summer,6.92811028338833,7.1217047257387875,1.343178240303767,288.85419206602694,27.64402082929447,35.89297574213042,69.30354567011781,0.44338277810412025,1.1311247977273573,0.013766995681319422,0.04910681254971204,0.01,162.29540767898828,2,0,2.2554583578382283,5.622911089255158,97.98523263954435,Potable
2022-07-28 21:00:00,Spring_C,Summer,5.356517376575463,5.275219300694811,8.128977472547223,691.7206745762712,24.117409886833478,200.1496147113501,108.83797096787596,0.1647431489633282,36.81197189856785,0.4860565879118548,0.7734271727042994,0.7170369704482552,292.0038584892551,96,55,7.818364729956,10.243012435370673,45.65826119956545,Not Potable
2022-07-29 22:00:00,Well_D,Winter,7.473345802885657,8.442238151497362,0.4939418680048275,261.9913243163768,24.9585045760195,100.98327257675271,74.78022268830556,0.03192200563891785,8.674508176108725,0.11640123412464809,0.03499079695187053,0.01,49.09073448895943,2,0,2.276165448221033,9.949801198071148,99.25908719799276,Potable
2022-07-30 04:00:00,Lake_B,Autumn,7.261615136457332,7.131774724758909,0.5528732229506346,320.54476393755147,24.910847735486218,123.09331397876089,38.12067438889169,0.020307008113804478,4.878595665777589,0.010867896319356389,0.14657431623755243,0.01,98.08277590010138,0,0,1.612132805166989,11.5697111613636,99.17069016557404,Potable
2022-07-31 00:00:00,Pond_F,Summer,7.5547309087149275,7.040269268625773,0.3064879359021868,206.5600495978143,30.861182123853524,73.84656185779885,51.64835849891957,0.01,3.525157991816194,0.01,0.05007647027348201,0.03256840840021715,10.0,1,0,1.291805575115759,3.7722207602130755,99.54026809614672,Potable
2022-08-01 00:00:00,Well_D,Spring,6.215426357013227,6.5579340984376335,1.797456346809134,338.820989960538,25.37545532871345,34.68268757516256,66.63566546802471,0.10993272260332715,11.722698945435056,0.01,0.13075201498032274,0.04348940707297243,83.17160949422323,2,0,3.3491729790727707,11.947380238158804,92.16552090783921,Potable
2022-08-02 18:00:00,Well_D,Spring,7.090874418128582,7.954013801716767,0.8282912165472104,353.3577273827176,25.702542747153387,78.35455241634236,58.9616164829342,0.04155519507914531,0.1,0.02146232575653324,0.023202307711398112,0.01,112.9751273689769,0,0,1.0674848699993684,5.295709397681019,98.75756317517919,Potable
2022-08-03 01:00:00,Canal_E,Autumn,6.6882903448246775,7.811701802131219,0.27202461498176705,430.11514839826543,16.244341222655382,45.24355979919541,77.02263983700327,0.01,12.89774231999046,0.01,0.047326573901405954,0.03620552425159331,42.09763200302799,0,0,1.1803203834610618,12.00402135240703,99.59196307752735,Potable
2022-08-04 20:00:00,Lake_B,Spring,7.3508612563414495,7.051231775511369,0.28395015855005584,394.1146736435326,27.33127517742507,81.76574863583656,99.77349391677537,0.1468019794691697,5.179997626569518,0.028736415063856005,0.01,0.012278953129883393,134.75479076256465,0,0,0.1,3.1537307513026693,99.57407476217492,Potable
2022-08-05 11:00:00,Well_D,Spring,7.343458714336162,6.790621292442139,1.774595692880787,233.7720259554258,23.59398940122225,41.755763427833514,27.25272116097201,0.22787344999375417,8.871290390883551,0.01,0.14214556738802728,0.01,106.38730197623474,1,0,3.4405148722255117,4.658137483706174,97.33810646067882,Potable
2022-08-06 05:00:00,Well_D,Autumn,7.142188942521273,9.376173413227711,0.1,371.415025748411,21.68086261826929,10.0,43.43327762380625,0.017930474286445803,1.3981604621530233,0.025788332986897203,0.09831964374646646,0.08461163247237549,135.11684942368205,2,0,2.8911454606193803,13.163046423275143,99.85,Potable
2022-08-07 22:00:00,Lake_B,Summer,7.455139505266036,5.619556944875162,0.3117441654795624,667.0516000162211,20.689447503727045,109.50566978859696,56.327567251246194,0.12357854597152758,2.823247105852067,0.05250745589192244,0.17027783205755495,0.03483674651225972,24.947495188028554,2,0,1.6677713332468769,13.328112911780465,96.39105458640614,Potable
2022-08-08 03:00:00,Lake_B,Summer,6.4909357391997435,1.936822379630191,0.46141071444633597,1035.6202264625485,27.050748808713784,196.89859001674603,129.6814627092468,0.11119880428295909,39.81943238969217,0.4279054824112363,0.33781395128931696,0.3966856481968184,257.46127391152504,89,51,20.978020451005285,53.419734710168605,44.697790627081815,Not Potable
2022-08-09 22:00:00,Well_D,Spring,7.091646394289416,3.6508212763503485,1.0816778488047165,1249.8397010636145,24.721934523642638,142.28344939393068,173.75285738446013,0.04949798667276796,2.7832256123392476,0.10491803555870508,0.16835847799433165,0.21703282418714825,168.59083344087514,100,58,13.171696149346367,59.47205377096644,48.08235153988976,Not Potable
2022-08-10 10:00:00,Lake_B,Spring,6.510822305329808,0.1,8.589352913196995,1254.0212732594014,34.330669715855805,243.81306256059872,193.31073790786354,2.0471331402020905,0.1,0.4623441531449913,1.5214798113611094,0.21685136983162395,395.32344349698434,96,42,7.303831670276401,50.80331392232959,26.70565153131349,Not Potable
2022-08-11 23:00:00,Well_D,Summer,4.995699973928515,3.064398367821619,5.645016793708969,653.4732728682029,27.45687631718829,209.83362925983434,175.35357936115724,0.2146835851904499,17.28435419375447,0.015911400967336627,0.9709472660746231,0.01567471564764282,295.52653209006115,99,49,4.788469317633028,43.25277919520329,40.85846980861546,Not Potable
2022-08-12 16:00:00,Well_D,Autumn,6.120888378826557,5.0170141801531996,5.0536574058766845,874.0290991397229,33.32204391474953,144.86075901878525,137.41962309759037,0.21407200879684,24.468747330904154,0.06325753769139295,0.0725905975367234,0.22753832387215583,343.726159219176,93,64,13.944793737777074,49.09626977763895,47.393673459854945,Not Potable
2022-08-13 05:00:00,Canal_E,Spring,7.32093335075677,7.756054864283259,1.3880300281236924,546.6284790806326,22.682395177851426,73.09004848610834,52.95461006528461,0.18222553011931403,5.470651813226267,0.025147670978556663,0.0681003913783504,0.01,117.58515387710922,1,0,2.36754239873928,7.11580229211587,97.91795495781446,Potable
2022-08-14 23:00:00,River_A,Winter,8.438917816668043,5.591224107046482,4.311711987830799,405.8697311301938,23.97555819691431,131.9528783330293,117.97174537024671,0.07663662106710044,18.104527854983488,0.2932581857033697,1.0047516446387932,0.21926022251953936,230.23795891981982,117,49,10.855486634887445,34.79261555712203,60.306104339393244,Questionable
2022-08-15 04:00:00,Well_D,Autumn,7.562883411581517,8.575393445646077,0.6443577682282473,283.10541581427924,19.648977790001382,61.15650870140088,78.09045678895436,0.38091060948519506,8.246557913492992,0.024612954688291236,0.01,0.015186315680839533,136.4330567134791,1,0,1.1792951140865089,6.368889295520795,99.03346334765763,Potable
2022-08-16 19:00:00,Spring_C,Spring,6.829459727357716,4.503976369481742,3.242782245704797,784.7153811280068,20.371544791736845,292.998982735318,187.4893705953367,0.1008219311074274,33.66161499129055,0.06388270046538659,1.9928244674762592,0.16172408155095716,254.7087507026333,94,51,17.787539768451275,16.40103858704864,59.547755739888025,Questionable
2022-08-17 01:00:00,Pond_F,Spring,6.371783567414425,7.631719889534316,0.3876620288093408,328.88366623886293,25.83742943801799,74.34590913577551,70.37628007216941,0.6539162517534232,3.7157714079106565,0.01,0.07842456568760126,0.018428762787845686,93.16281163716066,2,0,2.5925535386416034,10.29743186496798,94.90564122644369,Potable
2022-08-18 05:00:00,River_A,Winter,7.828218171172595,6.601139393041407,0.8779332705919862,300.30670694652423,21.447906898200934,46.401242295906,27.01246824268091,0.25667609256057616,4.723926380494558,0.03927062656529239,0.07460824682141343,0.020154622393305646,19.537388865185356,1,0,1.1699320723188844,9.106680504741087,98.68310009411202,Potable
2022-08-19 21:00:00,River_A,Winter,7.771993959601081,9.382292233834189,3.5960151912124974,317.63114276516274,17.659045371903918,70.63520760633631,44.75579139931057,0.2068815391360675,5.558158113230771,0.06147043139900734,0.03453755349547379,0.01,96.78153173704294,0,0,1.1306176348101222,7.66625365693501,94.60597721318126,Potable
2022-08-20 10:00:00,River_A,Summer,6.192200281668451,7.509931019733271,0.20466535141292425,236.46440367283085,20.915055434668467,81.0130555751179,53.993319195457694,0.2606502502757954,8.907793434874737,0.10526134345659555,0.09034315158598928,0.18279143317380098,93.11279671450886,0,0,3.407084833522435,7.247697725938355,94.46180309955442,Potable
2022-08-21 15:00:00,Canal_E,Autumn,6.770782618039571,0.1,2.5726936678955643,1034.5348209357023,34.501293458661635,221.38773995402101,150.87787749649124,0.1479249019657344,42.428572595693545,1.876295427389017,0.35824236782833213,0.307537493819299,273.26281558684633,122,57,13.4690382251666,38.626416256122546,38.42293718412112,Not Potable
2022-08-22 15:00:00,Well_D,Autumn,6.899208159292862,9.427569385178195,0.5232140654153237,500.9153332216348,22.115363486413248,83.11971347287944,51.58167409457857,0.1407310304050248,2.6412388291803515,0.04789830258316402,0.01,0.01,48.64811100498851,2,0,0.9038111726844584,11.439181026617415,99.21517890187701,Potable
2022-08-23 00:00:00,Canal_E,Summer,5.866690671997792,3.3201795289197156,6.114680657937424,1020.8617326679325,30.167242336396193,143.72996756045453,135.52629718235002,0.571335497426123,13.810138293678348,0.09960804017379027,2.9427297532883308,1.1178341223716428,351.5479365964998,96,49,5.311451705804638,75.11810708218736,37.04235429782519,Not Potable
2022-08-24 08:00:00,Well_D,Autumn,7.150353644979172,6.84505403919731,0.1,569.5473274070429,22.170193031961237,106.8777682779897,71.68276349174462,0.22846803564511836,6.283262255115033,0.04562360646404131,0.038844774213296795,0.09929034311022943,83.9061067975961,1,0,1.7209398537827902,6.385852551515043,99.85,Potable
2022-08-25 05:00:00,Canal_E,Autumn,5.438493717607838,5.341424698648601,0.7657224439236077,680.5731533956966,22.705737455074146,200.34093337752702,167.2483353175977,0.21971135349217485,21.371076568970707,0.07330290511644169,0.4725263783729018,0.06897507083346174,263.72876916125,93,55,14.576813965009347,8.98780181697299,57.67966530049175,Questionable
2022-08-26 15:00:00,Canal_E,Autumn,7.641052391120439,7.451793918512937,3.010688383348336,206.46999234023912,25.794034173054122,67.11554775343633,73.2660577654739,0.44296384835782804,0.7370997368891619,0.027099474252194403,0.02336803732309143,0.038194986656516425,157.29263906173156,1,0,1.5009914949042675,8.331501178239655,95.4839674249775,Potable
2022-08-27 02:00:00,Pond_F,Autumn,6.58461222711696,7.687164020486162,0.4149855220514179,467.89450575330255,15.16701535847227,83.66526085316302,30.85263927661227,0.7500661729012918,5.266109920688612,0.012863538611516796,0.05899061552155556,0.019666520104473076,114.93665930174984,2,0,0.951418687858147,6.055014075957715,99.37752171692287,Potable
2022-08-28 19:00:00,Spring_C,Autumn,6.71416453370414,2.1568645120437084,4.733859620160553,879.9577474642526,25.545967756897394,261.228307153284,150.76738939095156,0.6534329696654971,11.90679221735454,1.770319105583609,0.9256125011202427,0.44528332168854645,341.80489684213865,104,46,32.75918534178808,43.35890452759932,43.670437893926504,Not Potable
2022-08-29 03:00:00,Canal_E,Winter,7.338518705150265,2.5427938657233913,1.8285856282524744,1474.1625521825108,33.72471852039057,126.48337322403707,245.1079822038767,4.499029555461795,33.45750648479097,1.0744450601314148,0.9246303399498269,0.7392102353044584,267.01973218045623,99,47,21.0208281912498,6.931788778816269,40.4230648720538,Not Potable
2022-08-30 18:00:00,Pond_F,Autumn,5.9402432588093355,4.108373206565525,1.973425997194078,1203.5377459035515,33.57674945679294,159.98283873992983,139.76999239893942,1.295840476865435,39.01099160011644,1.4552669206797009,0.021884654031816702,0.115285853089741,192.23059109057934,109,61,10.20756655766277,50.065029490550174,42.57288747058953,Not Potable
2022-08-31 02:00:00,Lake_B,Winter,6.180331140414595,3.7794216897717026,0.36778040422709996,784.332875449113,25.08592238821397,145.0101173423763,139.75516514023423,0.6830190139226171,30.109334923570046,0.060294818067859045,1.8350755287211449,0.8769594537527594,290.1394591773131,110,57,6.437229036157657,13.970505130283971,55.50791902463284,Questionable
2022-09-01 18:00:00,Spring_C,Autumn,7.960665080666083,6.939064785776253,0.30856212242732783,457.9163274446734,20.89145812303912,91.06622835453871,59.18595130821878,0.06894298356737132,7.308303232754405,0.01,0.801533704249224,0.01,108.08624146170452,1,0,4.360959682960665,9.972670351897294,99.53715681635902,Potable
2022-09-02 19:00:00,Canal_E,Summer,4.796855104503164,6.719084128064868,9.920529807411803,788.6173797436596,23.656165981338667,380.2792423812672,142.67536427107797,0.5986522860925332,21.96278289826284,0.06910869839380027,1.0905804431370394,0.522127305246354,328.7580299356471,105,52,18.775594643739836,25.542703906993367,44.30662570689495,Not Potable
2022-09-03 06:00:00,River_A,Spring,5.676547547090007,6.4007702926473335,1.3268170643918598,761.0025056937716,22.06792665820565,162.9102899890471,163.7416403649961,0.14951622984468263,12.476773639427732,0.5011043241966258,1.141049700297082,0.17019023749743376,448.07476867248033,90,45,7.077861718908263,54.44328717314313,62.215964591772234,Questionable
2022-09-04 19:00:00,Lake_B,Winter,6.757904885710533,5.240907299697517,5.940291673285268,957.9406060871257,17.72326556128936,186.63238035544936,199.720002104429,5.0,11.700630817731124,0.6366224300298811,0.841127229381886,0.8744832225984395,164.84357430777266,81,54,6.087014034770597,14.09889749189648,52.793175297857765,Questionable
2022-09-05 08:00:00,Lake_B,Autumn,6.849164044987963,7.316808654282878,1.570359417874125,622.3889025045952,24.69585943580921,96.5180410036231,28.308178354608145,0.40493680986903646,2.553497710070957,0.015371742268860358,0.02110953115611608,0.01,71.5577185919576,1,0,1.40490829111272,7.753926048187253,97.64446087318882,Potable
2022-09-06 00:00:00,Pond_F,Summer,5.115824944860357,5.023987594418767,9.956589557566716,1223.633511935415,29.975325587610737,143.42311366162215,209.76300845157337,2.858311500473392,22.15302630602414,0.5007328651963129,0.7499792518303547,0.7637835908787559,346.9039593447465,110,47,15.516111420492882,29.172235705859187,29.74587554731643,Not Potable
2022-09-07 07:00:00,Lake_B,Spring,6.542181415343826,5.492161520592594,0.7094767814190605,993.2267180508231,21.59266422666603,269.1926662065981,66.0433072242692,0.2714571336350881,11.702665158951739,0.02694332337985835,0.03282318880144152,0.17912246231369114,410.2840710733544,112,50,15.617492086526303,45.3263940359106,58.01386861888684,Questionable
2022-09-08 06:00:00,Spring_C,Winter,7.402966799789793,2.7790494041174725,18.991231108251302,1234.3558584407178,26.608600203911408,198.33045895502303,230.17399381774123,1.9715409691863262,31.61957823285358,0.17355052141355012,1.1480374825505053,0.06296671225634652,256.425559653801,97,52,32.31464679360191,17.0968439490704,32.771810335741655,Not Potable
2022-09-09 17:00:00,Canal_E,Spring,7.565056678254868,7.077487265577957,1.0730747805548644,709.7849201044505,31.052931356342143,22.38854037908188,92.13820036902537,0.18690593612280335,5.386405976362839,0.047609005255414394,0.15771720560775618,0.04262109900940415,83.62329704857832,1,0,3.6374448158827137,6.828848937903158,98.39038782916771,Potable
2022-09-10 07:00:00,Canal_E,Summer,6.983733869150491,7.445387325941907,0.8787708434941769,427.40389195777135,22.35482495617903,70.02999111140592,5.0,0.10747986908378333,0.9901712691530555,0.014730027160989258,0.01,0.016443789536658666,112.01292386302119,0,0,3.603097564007162,12.761756235726109,98.68184373475873,Potable
2022-09-11 00:00:00,River_A,Winter,5.022774369179883,1.685422899832045,12.124595673888404,956.4587142435068,19.591096344526832,172.97167461993666,56.676876584789895,1.20722585969243,38.49394588503411,0.03374877668608896,0.0875115970355057,0.30491949026437765,439.9685256571473,110,53,10.766698282952053,13.52787935134539,23.300485462563067,Not Potable
2022-09-12 10:00:00,Pond_F,Spring,5.444827787913119,0.9270070161102142,1.2520423717755624,978.0521212055604,31.009373678580328,297.8358843832677,249.02920592048943,0.038000022758878774,26.3214791927547,0.29320418728030756,1.451569524257231,0.2860010854710354,193.94783833182004,110,45,18.89173010456956,44.107479930351396,35.51148682423637,Not Potable
2022-09-13 17:00:00,River_A,Autumn,7.872703095305837,6.21987469306681,0.23737125344173138,426.8078787679641,23.791453310397124,117.9710387318448,43.290100819433135,0.17789733981243516,7.742259177888586,0.018365561403125872,0.08666424967482118,0.022311518247772357,74.40783529613611,3,0,1.395282919937653,6.2816426125400255,99.6439431198374,Potable
2022-09-14 22:00:00,Lake_B,Winter,6.228006285257433,7.387752533048341,1.304103079433393,568.6544789936855,20.64450021820406,89.70221631492024,31.246022269119756,0.20863704301508826,6.562600417632138,0.01,0.01179906778142241,0.08617071408424662,101.3898128955108,1,0,1.9698495657103368,10.46747095161684,92.95587052187963,Potable
2022-09-15 09:00:00,River_A,Spring,4.834011206883654,1.8247167237969264,3.7492612399960246,726.2006273017689,24.877527140403227,216.8899381426078,243.255988342757,2.4032534575840074,11.648676197074966,0.2196676652298654,0.9180290374387807,0.07458062759652374,248.77931107271488,99,58,27.08696326187234,38.350324774282726,39.336303138931356,Not Potable
2022-09-16 02:00:00,Spring_C,Summer,6.996898880689084,7.764644005121289,4.189652171160139,543.7723295265588,25.80873497374708,56.93127231282662,52.512744773446414,0.6927728125207127,2.4608933349483815,0.02120420439513114,0.03277198888444827,0.025267102790118724,120.56797660918852,2,0,1.22202996691039,5.341837131930845,93.71552174325979,Potable
2022-09-17 06:00:00,Canal_E,Summer,6.618846421806191,8.448121439100644,0.1,506.8823485250205,20.506395915060978,59.02307944615569,55.25606972939338,0.017514099672931115,1.7707994980229484,0.05497903750302386,0.02757953178805735,0.01,112.78760446765769,2,0,2.6125378586255454,2.383185958931506,99.85,Potable
2022-09-18 15:00:00,Lake_B,Winter,5.1257372037430855,3.6444374109505118,3.1050028762654986,902.9472341249091,27.263411014555928,76.50079311207185,280.2356145489679,2.293318478937159,19.782280434751115,0.18601650008813975,0.8624083150615137,0.32880898746906895,228.07766840116312,102,65,4.475947453651987,41.224261441334946,40.73454822155199,Not Potable
2022-09-19 15:00:00,River_A,Spring,6.676761028687786,6.221941520882199,0.8959547104975528,382.83036728659954,20.831662098125392,95.38122575557183,16.295125877836192,0.10862661455541722,7.661290108357274,0.011721463620621844,0.2892460602823149,0.01,59.46517818981319,2,0,2.4921658293843123,2.7401525700339633,98.65606793425367,Potable
2022-09-20 19:00:00,Pond_F,Winter,7.393482649427272,7.254150021022004,1.1670880193999833,321.81357294475123,17.60890872806327,52.19511347043735,67.47944666956175,0.01,0.1,0.021784433351681495,0.058729743717558014,0.01,135.44185429150178,1,0,1.8528085446202025,10.620426968241414,98.24936797090002,Potable
2022-09-21 16:00:00,Spring_C,Winter,7.883828665735074,6.885763381451303,0.2939920542602287,204.04363216945666,19.268642152593728,45.80460018145696,67.83615108510368,0.09081257227344351,1.892825667083208,0.03608983406655664,0.10834219527518496,0.01,58.0331954890811,6,0,3.417872219473078,4.822749738974373,99.55901191860966,Potable
2022-09-22 01:00:00,Spring_C,Spring,5.369172923373057,3.119964742167106,0.32605325060411217,1424.2885318013264,21.918065848184135,221.8237299625435,131.91202687454705,1.4174882601241912,32.293321483940005,0.05916400065154435,0.2491116882169817,0.08829843628842224,330.4451349080316,92,51,29.827979791607007,46.45308106042862,37.68317806706749,Not Potable
2022-09-23 00:00:00,River_A,Spring,6.078554214230404,5.417685886968593,2.5271597826769074,1258.8732228874642,31.372013213833426,263.51924076008527,159.42584382820849,0.06824496302406094,62.92570411670315,1.2663399452919148,0.06025861478538197,0.31662775055471704,323.143084965246,106,43,26.92440585433176,65.7622428771351,45.393436500500066,Not Potable
2022-09-24 15:00:00,Canal_E,Autumn,6.433632315552121,6.996919460895344,0.21173652259648024,629.1240273786686,25.34458262282307,33.49334978990598,56.16861734377889,0.08201832293578798,2.050523950328828,0.07453266452736862,0.01,0.01,73.37697514049648,1,0,0.5696763342694529,11.57476518894536,95.41692447831376,Potable
2022-09-25 11:00:00,River_A,Spring,7.716477366614306,6.249931510793606,0.20498103697602207,684.8059011876974,27.81485638751789,104.27432934228315,46.79101886379355,0.2590584239408757,1.8595727816552978,0.01066299840928976,0.05180685561671583,0.0226121468893353,141.35860716152789,3,0,1.5094905297709287,5.8560286510405595,99.69252844453597,Potable
2022-09-26 04:00:00,Lake_B,Summer,7.408118183463798,6.941005272118002,0.6406767035242626,458.0126221364316,22.22875446876746,71.26839494779398,69.37032659970012,0.14264242657838636,9.221480718715712,0.029555167696523478,0.15358859816710618,0.05908783738076173,121.32424022439363,1,0,1.9497156745178166,9.214178044801127,99.0389849447136,Potable
2022-09-27 04:00:00,River_A,Winter,7.738091660665161,7.840059366860801,0.5931367960588044,252.97663024640627,23.82587900571483,20.41782570524156,42.66911404146434,0.027797761967971485,4.6292167412978555,0.0516663502110389,0.16866808741195022,0.020348643020846373,44.63322393224125,2,0,2.0545611917261577,8.365050281399615,99.11029480591179,Potable
2022-09-28 22:00:00,Spring_C,Winter,7.1388265486794475,8.171480601006918,0.26532106755567064,420.57177812213007,22.97357522363078,56.15102795302953,52.160488601533366,0.2773079375574811,2.3163728626185347,0.021511296757319023,0.2621862621983543,0.027858862481624516,56.57973553921073,3,0,2.6632287819725002,8.373399951789105,99.6020183986665,Potable
2022-09-29 08:00:00,River_A,Summer,6.982421701072624,8.161422784083348,0.28314371603495003,349.32845898553177,13.626244179173366,88.29004218820819,15.233559900577184,0.020900820071152685,8.133853668165859,0.03797326908844857,0.12133309885864488,0.027852721771279204,103.50246164848947,1,0,2.2060201401443473,7.942952142649429,99.57528442594757,Potable
2022-09-30 08:00:00,Canal_E,Spring,5.3149395856316675,1.1728380426760174,8.508406900427158,865.3077756612815,24.067793594858063,252.3602359024592,204.79717917289733,1.0869489571846056,53.20619283114688,0.4784323338767707,0.5590374463518044,0.793710167014423,319.03233272645684,125,46,15.624738619017952,22.778773284497728,26.53604548499476,Not Potable
2022-10-01 02:00:00,Pond_F,Summer,5.955293509930717,3.980252928083793,11.27167079948128,1002.5950531926756,13.095736580871622,136.14478198550398,112.89315787326191,0.4546868520327362,27.47126824753522,0.779535122256985,0.25068870176308733,0.08824532978334847,327.7561532909982,116,59,32.92671419445161,15.056440795225758,33.22300702608412,Not Potable
2022-10-02 18:00:00,Well_D,Summer,6.328587834133213,7.9049140989591296,0.8442143765614113,439.26941819032305,25.433940687678316,10.0,60.249324347211385,0.07785299539878154,2.4726812547209587,0.03304104443874175,0.01,0.01,41.16468511424608,2,0,1.538732922981304,7.992440196010896,94.04802977169074,Potable
2022-10-03 15:00:00,River_A,Autumn,4.0,6.038710637866876,5.597339996720284,861.9152947849491,13.147554298536349,262.5954919030786,144.75215174453882,0.5814770540759795,16.02221939772195,0.10778938349096236,0.1801880244137734,0.23321266824952125,313.2233160557172,100,44,10.223229968852905,45.10996687610091,42.17526058314534,Not Potable
2022-10-04 15:00:00,Canal_E,Summer,7.005201696570604,7.6130961378202375,2.966385505455333,334.26823695727694,21.288752062146443,103.91246523599517,37.80054115810695,0.31501518050890215,8.738858482769478,0.08294323574861875,0.08080984553331488,0.023394209301661324,115.6219516684884,0,0,0.897286985842658,6.276897401162414,95.550421741817,Potable
2022-10-05 02:00:00,Canal_E,Winter,5.20207854027958,3.471673376027943,1.6208311221770986,1003.060441427461,23.399739940695323,241.10787610444558,153.02454976057876,0.5029389333144166,12.497497647167512,1.047107177961502,0.016902389348257118,0.3167415972561769,119.7020119183739,97,42,16.672596940615193,55.71488095919129,41.69618098452459,Not Potable
2022-10-06 19:00:00,Pond_F,Summer,4.761384178268792,0.8616100267828455,0.23578857103647233,1134.0680732943647,26.997996887397193,272.7279749238072,84.40339225579605,2.0943539690872255,8.453254134206265,0.8560610196050619,2.4214324273379573,0.11862283104563467,261.10503578152145,101,51,23.53283751175968,53.305011266050826,31.76566283745353,Not Potable
2022-10-07 23:00:00,Spring_C,Winter,6.050026355151135,4.2193713673462065,13.355511906863676,1116.57230859926,23.817991109341946,75.15693695899168,127.8194386612699,0.04662543813113117,18.41688276372285,0.48066939153468796,1.0316559974495125,0.4447886609596403,362.3181013740623,104,48,23.43010120071854,46.831256279505745,32.60963489365426,Not Potable
2022-10-08 21:00:00,Canal_E,Winter,7.705951655913373,7.841127313439709,0.28040099159214055,641.7935832076721,24.51507431636285,75.73108726188273,65.79715651287832,0.44985292108120745,6.283009159266065,0.01,0.03863243621229259,0.09227866062183035,54.25463280858602,1,0,1.732489743233463,4.124611327007399,99.57939851261179,Potable
2022-10-09 23:00:00,Canal_E,Winter,7.360526166666082,6.212480973940702,2.1570307859072066,548.0440331980448,20.570515614333615,51.20904068958916,63.18022352726926,0.040733165008222445,3.3046372178525036,0.015486731523838646,0.02215656267299591,0.01,78.98687397359319,4,0,2.5321615652448166,7.086023886267116,96.76445382113918,Potable
2022-10-10 00:00:00,Canal_E,Spring,6.12624779532402,2.357482140441207,1.8667208158319195,760.002071591489,29.288894544830086,320.3777034710761,181.17508204602612,0.06915949483867183,18.19082659092954,0.12156903819382878,2.1462417463797827,0.3705546058629069,339.8262863333489,105,38,11.39323681318227,21.371294197797475,48.77735637887182,Not Potable
2022-10-11 23:00:00,Canal_E,Autumn,7.141671395083865,6.0561104225360864,0.2537288213050486,430.1035283611312,27.870553351443032,88.33262056420305,81.96643858308208,0.06323359138698405,1.6828839472981278,0.01,0.02160837098362625,0.01,79.87699092796281,2,0,2.744431941431748,8.045238484978393,99.61940676804242,Potable
2022-10-12 19:00:00,Lake_B,Winter,7.432522730507591,7.673676646138526,0.40755032901564897,179.32302310694394,28.69479378488345,83.75429394175896,65.03974952241602,0.07255191541953553,4.3330415183668745,0.01057173359912624,0.017627139271748745,0.01,72.17980595937425,3,0,2.6413834996027723,15.608474302617966,94.57851985308068,Potable
2022-10-13 10:00:00,Lake_B,Winter,7.283326414281757,6.798662808397286,0.7302277230934044,394.5852465808951,18.333948025427112,122.18978119810316,78.10288784504053,0.14450681207418414,6.76423768738748,0.013407922714602873,0.023144299748742506,0.01,111.6687143410114,1,0,0.5442721083279183,9.290461428485933,98.90465841535989,Potable
2022-10-14 16:00:00,Spring_C,Spring,4.4623027512101325,4.32160736043392,2.361350679327733,917.9517098407804,23.856124384307982,120.1571230506369,92.4658209354112,2.019168554005752,18.58227876579572,0.19387739128923184,0.08786729634254145,0.01306335724535293,454.33881497051254,96,46,20.21978036351493,56.110328350244124,41.60273141953898,Not Potable
2022-10-15 07:00:00,River_A,Winter,7.116637983456581,7.61924332929589,0.13371262544084103,473.2045124017985,20.089903644248523,30.974710791310066,58.116109105570814,0.5213014635494856,5.757390096039402,0.04582989952500413,0.013260318715134656,0.01,94.29094248169847,1,0,1.3370057895151588,5.947749313519799,99.79943106183873,Potable
2022-10-16 03:00:00,Canal_E,Summer,7.604464600235649,8.301164019823922,3.018911402732634,634.9822055908132,23.31148727293316,25.681578786036248,47.65617897190913,0.018519042945734844,5.89887821578343,0.01,0.27825312755659026,0.01,80.11497483383819,1,0,1.7973048931810751,8.06566187393412,95.47163289590105,Potable
2022-10-17 05:00:00,Pond_F,Summer,5.611243089758916,4.296231320206329,9.905267519503555,734.3013215031306,19.559103720409425,138.54251135349608,90.48456052668675,1.5567994972752592,23.94720615673879,0.16157616232901795,2.43320797878736,0.4032533634018875,328.33217197942815,84,47,24.831470608136065,57.09595830081521,42.875765040399315,Not Potable
2022-10-18 07:00:00,River_A,Autumn,5.621766937166041,3.4179287880988776,0.556922483689491,1075.331979700456,30.362943730850603,207.1617640608521,94.45869917060274,0.187664064816961,38.203714945749766,0.14152396296379874,0.467535832943155,0.9416633598670704,310.48028866066676,109,48,6.238108635198424,20.360208403140163,43.27549069191972,Not Potable
2022-10-19 19:00:00,Pond_F,Winter,7.855891950103788,7.935674910905911,1.7927048683336757,199.92654942339664,18.852273799184456,62.968938978326285,55.29181249162832,0.011102392341507093,5.569845503768172,0.06638062060031814,0.01,0.01,76.69292444790035,0,0,2.6535635237086623,7.2997555312280635,92.80984093885044,Potable
2022-10-20 02:00:00,River_A,Spring,6.725639088539437,6.314088990767154,0.1,459.40140752429676,14.211043901315609,70.97963808682815,47.3687230897321,0.08935780124080327,5.101915341150922,0.012543277199695653,0.2922435836663683,0.02599761733366371,80.67064075488976,3,0,1.4418324025794067,9.86196383476218,99.85,Potable
2022-10-21 15:00:00,Spring_C,Summer,4.720254564658993,3.322410254908399,1.6522031918895381,1022.2088057023716,13.738039627293483,101.29093516330904,149.1918082690617,5.0,46.40178030550133,0.6862463856913632,0.1556062264558779,0.07999464770619617,193.54598965750884,97,45,7.199327414411947,28.162827899749647,38.986812149991295,Not Potable
2022-10-22 02:00:00,Canal_E,Spring,7.383228583148986,9.265709266450402,4.539143544756416,551.8265805789298,23.76998671827172,36.69499423831969,81.10231075416237,0.18913183136961187,7.636728069551607,0.06796650029814762,0.28547382096044166,0.01,73.15896120676726,2,0,2.1755384629179333,6.29632047657557,93.19128468286537,Potable
2022-10-23 17:00:00,Canal_E,Spring,7.071522754823251,6.872116785558211,0.9643305373430444,447.1206674398754,17.72349294232749,88.43007653882357,52.2525086926514,0.3020035502026561,6.919948552140024,0.01,0.1111511848686386,0.012663744060173643,55.14923249798773,1,0,0.1,6.464833352500771,98.55350419398543,Potable
2022-10-24 13:00:00,Well_D,Summer,7.70543112018592,6.614045686705404,1.1772978419100666,459.97774109410193,21.350915539723452,10.0,25.46554845562898,0.2539038520134913,1.9273354122714106,0.07413042343323012,0.12080817424904366,0.011130096595860514,38.97589563015796,0,0,1.1921733303564315,8.946189321528525,98.2340532371349,Potable
2022-10-25 17:00:00,Pond_F,Spring,7.134742460051504,7.408825766481437,0.3291497280522771,355.19088631694115,19.692571621132462,45.95213296738791,51.62844931649047,0.13734163634663488,4.947975994448853,0.052895110017554384,0.013039681326811093,0.014471046758441996,71.79638973262989,1,0,2.9856638787479963,3.2885356072677236,99.50627540792158,Potable
2022-10-26 01:00:00,River_A,Summer,6.897830464218345,9.545817288088285,2.2720344883048837,403.2147025336682,22.02296578721776,93.59470479905174,45.98159124398876,0.01,8.5533042191177,0.11820949695765495,0.20738339104738085,0.017462791394959966,103.77398645391912,5,0,1.1052659032473744,8.3738827245602,96.59194826754268,Potable
2022-10-27 21:00:00,River_A,Spring,7.162091302090894,8.271038919953256,0.6035313493130077,526.9848640222774,25.21112334365928,42.9748471989089,45.16107199709703,0.17554298862822648,4.356014534956121,0.011758299643133891,0.01,0.012532044903787953,10.503801598422541,1,0,0.9291679961727402,10.177560955382233,99.09470297603049,Potable
2022-10-28 02:00:00,Lake_B,Summer,4.0,2.0771562139381152,6.113446206746803,1181.2361517954223,25.159433700651082,281.26918991041134,113.90067061122303,2.46259521476517,40.81149554067822,0.059704088134264456,0.7444197887344624,0.10518898719764475,338.49743754339875,122,54,5.5301215850419325,52.43516247356589,22.842757054762806,Not Potable
2022-10-29 15:00:00,Well_D,Winter,4.335195940381705,0.5381201964602056,1.8386997756844918,835.7025683885847,23.398043258945272,254.04949207431926,192.08670895234224,0.26895510700727027,19.11454231461829,0.5693119274876,0.5378121067756866,0.9925177850030252,286.61932238850164,94,51,7.1215775954553395,22.319498036411623,32.06155616155193,Not Potable
2022-10-30 08:00:00,Lake_B,Autumn,5.983048871725983,5.844937007666813,2.956883625005796,553.1849951993865,22.021012453238036,56.324653785091385,43.89001895839015,0.32229886757933596,10.128681688676732,0.09280021811509552,0.05487488361494314,0.011609202500573138,72.28092929027518,1,0,3.457260235849736,6.463887941474973,87.03168107239568,Potable
2022-10-31 03:00:00,Lake_B,Summer,7.292883746043386,9.636559128802725,1.43278872646695,696.10934115083,26.314683030112043,87.24761547414394,77.24809473877718,0.17589137526062334,1.7980033310456278,0.012152253847188347,0.014059194429151808,0.01,86.05399009809388,3,0,1.5352003424804905,7.6287023744837095,97.85081691029957,Potable
2022-11-01 00:00:00,Lake_B,Summer,6.04227947155414,4.812675762027229,6.813447413590584,406.8787078268932,27.98691506054977,189.978066341957,254.9016559389397,0.5612101464114342,33.47101087987902,0.1779182051222228,0.1693417852479577,0.52042220707129,309.8615542869118,111,42,15.954662195602271,32.68900826666378,48.386974051912375,Not Potable
2022-11-02 03:00:00,Pond_F,Autumn,7.19087501739974,9.263557440006718,2.7181034012630696,627.8054671235681,19.004269226958247,92.35834990229037,48.972353842114465,0.12171213163055279,4.819606930975844,0.015509299205518579,0.414393280840365,0.029652291703806972,92.777410916872,3,0,1.1111566113428857,8.091896921671161,95.9228448981054,Potable
2022-11-03 00:00:00,Pond_F,Summer,6.894555054215705,5.852201891615965,0.7913462375125877,703.5035768126914,18.085348666975328,71.377614773433,68.57703721317627,0.27632303599974434,6.81851991930561,0.015136368753128277,0.020707667418132892,0.020328273153891154,93.69074099649953,2,0,0.1,8.516141661819821,96.36958631857902,Potable
2022-11-04 13:00:00,Spring_C,Summer,7.797265937253222,7.669441830859687,2.134784520024113,392.1926398405983,26.025031092011567,107.6931660213709,62.538648977849334,0.22005070199219992,2.7842072543524643,0.01,0.20010282869251972,0.017737297305616434,43.59413303774473,5,0,2.673272982157471,11.607759652548012,96.79782321996383,Potable
2022-11-05 20:00:00,Spring_C,Spring,7.822016974067431,7.3661110734342845,0.9018687755895917,366.26872007522707,19.043629537286115,76.24449914940219,70.40097186553237,0.951936989439039,0.17717887989056536,0.02310600102100475,0.04949905400955744,0.01,92.51293544972755,2,0,2.57323237312721,7.505229263257247,98.64719683661562,Potable
2022-11-06 15:00:00,Lake_B,Autumn,6.098419769587069,6.493020526553359,0.2936561292385546,422.68882948621103,16.856178430838206,37.915401385619575,90.43143759768007,0.24980728768231608,6.134593120935377,0.05679468652349364,0.048024544118591916,0.02072047189024901,79.40811661247241,1,0,2.6728816213050823,8.335171190968904,93.95319488449044,Potable
2022-11-07 19:00:00,Well_D,Winter,6.58777745420211,3.2414684207684994,1.3239742292072918,1260.7285858735972,29.57465796898967,117.94862059697267,194.4266381406024,0.3964674042562162,15.597652632232462,0.3044672941872562,0.012162410060906174,0.8409830377510817,393.3679271644977,100,44,20.11417176308875,59.2872546072356,46.3275151303906,Not Potable
2022-11-08 23:00:00,River_A,Summer,5.211073444212543,6.800274248019789,6.936690409781487,686.3679200875579,13.350517036977697,165.0787290898986,125.54732946186864,3.416588275105904,48.86741615243497,0.3962032201734562,0.4771607414777238,1.449042724062475,438.6108235831789,100,47,20.667429603997917,1.0,50.43925816217794,Questionable
2022-11-09 07:00:00,Pond_F,Autumn,7.074681196419523,4.015720299536446,1.6045170259688077,495.88708242390254,28.63611483312989,316.4986023082657,232.2697783947628,2.9793481212225266,38.45509649033601,0.39185056786199624,0.45265202726944836,0.14411632716680264,412.0990319739804,81,51,14.982584082777045,40.32157837692568,62.49038535965613,Questionable
2022-11-10 06:00:00,Well_D,Spring,5.239078787410036,2.6320491880012042,4.8996679283237485,1316.3607290078248,22.980177502827672,195.69202310024477,124.06291843020762,1.0672212494636006,32.3623517781497,1.8617785018871371,0.6421932611536458,0.4730331809154139,364.76886982597995,91,54,3.3641571257007925,44.961292147375815,30.607549886040765,Not Potable
2022-11-11 02:00:00,Canal_E,Winter,6.858203099917539,6.99657894667317,0.6934885534688664,329.8863670910673,25.148554216013892,13.60216675949085,22.91764636884759,0.21433661482340507,1.7694274131375698,0.029496982807595284,0.2581929306996635,0.012808320962971147,10.0,3,0,2.121654078280215,10.479806822574485,98.95976716979669,Potable
2022-11-12 16:00:00,Pond_F,Autumn,7.554766788653687,7.35839018984419,0.33925975003275877,260.3362620573655,21.1558375703413,113.1900694034162,11.470613596098474,0.4293204870380567,4.417412758895919,0.010540808580192696,0.10838833117510904,0.03749168673548952,10.0,0,0,0.6530014750941913,7.859634101809307,99.49111037495086,Potable
2022-11-13 00:00:00,Pond_F,Winter,8.239952523359747,3.705710484175098,6.717926044277113,756.136290730182,19.79299159642348,353.67637336641997,219.215281702722,1.842746229691624,25.455267369322137,1.214028470540368,0.08432688850039544,0.46753800597648265,326.9541478071342,89,53,15.593767585030442,33.57735050021098,52.690242386109624,Questionable
2022-11-14 15:00:00,Spring_C,Winter,7.14129957042252,9.040785811994748,0.5029790734964198,634.5840643303809,25.629950344885888,56.35001740487283,61.34090650970467,0.08739723501839303,3.1724677580406833,0.04817682684682139,0.12633360522173245,0.014907368429340017,10.0,1,0,2.3594564579824286,5.9212946131538375,99.24553138975537,Potable
2022-11-15 11:00:00,River_A,Winter,6.561889364936464,1.779684368403119,8.438946316261724,782.9964493769604,34.69596437537936,11.557895787842313,84.43248739959095,0.3275710057987514,26.095890972663224,0.899159002272654,0.0935996293445065,0.2528283959907523,388.91809605054766,97,54,31.48781196927288,44.865157847577706,43.130633630816774,Not Potable
2022-11-16 18:00:00,River_A,Summer,7.487154220419242,8.222588501620105,0.14526788320315961,515.262659694941,22.30239795780375,68.74882431743798,65.36862139980846,0.30512232802385575,6.954229586308386,0.019047492132966717,0.28231502715388895,0.028091556906231926,73.0537930164653,2,0,2.2660440245612676,7.698615149451725,99.78209817519526,Potable
2022-11-17 21:00:00,Canal_E,Summer,7.0457251991631065,8.257905396111012,0.1,743.1445857037968,22.414239768957696,93.6752817535136,88.39120171939288,0.15713240206142354,4.081685220084673,0.01,0.23015162007905823,0.01,129.25410638472673,2,0,0.9539157798084306,3.15401216522986,99.85,Potable
2022-11-18 22:00:00,Canal_E,Spring,5.99951877508088,4.322399618967313,5.56742789264141,836.9581723511394,15.678325422547573,207.20978843965807,153.40069549880207,0.028099054684843146,35.45407842187605,0.08157769144536414,0.9112412032238446,0.2419196822840074,134.5470646945985,95,55,24.66948722528219,28.8189657513595,44.30975953299625,Not Potable
2022-11-19 21:00:00,Pond_F,Spring,7.163465515796464,6.668600532732547,0.1,454.6388126673749,15.239957799724253,91.82354061318152,27.27459522641285,0.05779965045349172,2.081859227188668,0.01622319714650439,0.011825815640400847,0.04865385290082081,152.0901465127045,1,0,3.2575220833881984,5.8614316632682435,99.85,Potable
2022-11-20 13:00:00,Lake_B,Autumn,5.370506691542605,1.7692978606303678,3.828231029378708,1034.455719868813,19.34184884594614,135.41822600921745,215.91015255429278,1.5525843854041317,28.511149911584663,0.41621414432797416,0.3207942092984828,0.3102426681405066,434.61913901568255,112,34,18.637183052525828,58.143586136751146,33.03073800596127,Not Potable
2022-11-21 05:00:00,Spring_C,Spring,7.1816118471522765,7.474991293690959,2.26482890923673,614.2588299722079,19.466859258615422,100.87677487737679,76.68626199039642,0.3280641485195542,0.9910244404525779,0.01,0.13032824145687005,0.021350706917377737,125.85395607735619,1,0,1.8930991929374124,4.7023786360641235,96.6027566361449,Potable
2022-11-22 05:00:00,Spring_C,Winter,6.692393298427393,9.60567706634063,1.6486847255840382,574.392587013883,24.344316137361453,22.31017684100769,57.821687958231436,0.06549682802180443,1.7737796236584726,0.14379646641098628,0.2271367907801893,0.082283768099175,20.070542819841847,1,0,1.8004118689432007,12.38709765631187,97.52697291162394,Potable
2022-11-23 12:00:00,Pond_F,Winter,4.71749648097791,0.917414788842458,1.9336426299163514,1069.66435178647,26.137097178863524,175.28311353506086,83.01069857785704,4.410991152019573,20.515880930970916,0.2319648454236497,0.01641564913765015,0.07567172665252424,217.46326359784265,86,49,5.34342824352761,65.96021680170944,32.27680106876743,Not Potable
2022-11-24 18:00:00,Well_D,Summer,7.614736964615734,8.671426347763873,3.4039104738851105,400.94794710097676,18.908902426022483,59.72873051024465,47.53498573927646,0.01616217566567173,11.063461753688738,0.030234888042224604,0.01528060619298177,0.011689623752443479,78.87151358925475,0,0,1.3966558700888576,7.400535046892673,94.89413428917234,Potable
2022-11-25 21:00:00,Lake_B,Winter,7.078417151849957,2.2540985791164925,1.6386697854063494,1142.390036204252,16.27126689677955,268.2753441917755,169.20209878377713,1.6089078436974127,31.557541019884212,0.24302657541686176,0.5008074904356611,0.23998509708224286,443.52878655185214,107,52,7.171259691741114,41.4466787207675,44.66844051617617,Not Potable
2022-11-26 07:00:00,Pond_F,Autumn,5.038788272997186,2.038643476127876,7.627785461355302,1440.1488008953788,21.27190622077002,298.85285163069955,221.38115186537885,0.09906759662495312,20.176493563336482,0.14124388385070372,0.8553931867108191,0.8028858229121658,401.50559454817767,115,66,6.1890200183632285,61.53212961960911,20.727173314908736,Not Potable
2022-11-27 01:00:00,Lake_B,Winter,6.7854812708233965,7.55402072604749,0.766582715007285,403.44468246280576,30.266405512056117,58.436078283365035,97.58087182794206,0.01,4.924613452678175,0.010437273813188746,0.01,0.010273791742780636,63.472176631526814,2,0,4.047552166308604,13.342322571014853,98.85012592748907,Potable
2022-11-28 20:00:00,Lake_B,Winter,5.455471968963701,4.411886782192196,2.5428283487101258,729.7435280700449,21.711472596952483,215.43726818149491,158.6507781423819,0.5370543974844135,15.06090821121843,0.27048939165328395,1.4707030617753276,0.01,465.19021248481215,117,35,9.922090173037164,47.32119184940818,51.2433056993662,Questionable
2022-11-29 00:00:00,Lake_B,Autumn,7.630102121010243,7.763851701073935,0.4046014444820656,489.77979539224526,15.757572051868285,153.9693859088398,27.66589738297586,0.2073076259430464,2.2828108618686054,0.014462370396415998,0.08774588714201734,0.0377602713188053,37.42504129294148,3,0,2.120359544113455,3.268504132292003,99.3930978332769,Potable
2022-11-30 14:00:00,Pond_F,Spring,6.135243462944979,5.975584661879023,0.48613818593738634,353.0527056345984,29.282060400878326,86.46025462137071,87.0519493694924,0.10804646802515681,5.9763581746840515,0.01588807258038851,0.13390724093882306,0.02843002572235214,96.98615873797208,1,0,2.3421418923911688,10.00205993044899,91.73852055851091,Potable
2022-12-01 00:00:00,Spring_C,Spring,6.6427620865643275,8.719503568712245,0.4288606427232831,476.60687563717016,19.467403984171,122.56809999699456,35.33640483285224,0.07063528883590484,2.2582443347879053,0.03350749111182883,0.03800176952487547,0.018397271398550085,114.55797348009762,3,0,3.129144926274786,11.024401688502689,99.35670903591507,Potable
2022-12-02 04:00:00,Spring_C,Autumn,6.1257057925611305,4.087799209009777,9.78652415720893,1076.190388270283,26.00056311933657,156.9269164400855,125.59762996746062,0.6609758481232014,34.062213505236,1.837920325312611,0.6384600263043892,0.08577865869732453,310.37282656821907,108,40,14.147993732474427,63.9662821635263,33.44357873740622,Not Potable
2022-12-03 15:00:00,Lake_B,Summer,7.357520244590808,8.087137684212848,0.11634941118354947,360.01887470987765,30.57474661017408,86.7869797860188,59.366015916513206,0.04283745442696296,8.016540433562701,0.032976371311404226,0.16823036612238207,0.01,99.12924304445919,0,0,0.9318956544170631,6.942985224563088,99.82547588322467,Potable
2022-12-04 18:00:00,Well_D,Winter,7.1168083353208385,6.371526370252454,0.1761575381045131,614.7493801041072,23.383346631182256,65.61586913401676,60.99983949687308,0.09865216191751883,4.595414189402235,0.06904143071663399,0.30768352609098,0.01,40.857243801507664,2,0,2.4218048055067074,6.9743587651651255,99.73576369284322,Potable
2022-12-05 03:00:00,River_A,Autumn,4.0,2.026419419357441,0.6498572652847476,961.6965783083219,30.635880633090817,190.72720425201047,121.99379654667025,4.459895272812856,15.812482628463892,0.0458420672775584,0.16054517496304954,0.47611161942821933,383.4219234924534,108,54,15.610188442456566,49.18552322609611,34.17902368552037,Not Potable
2022-12-06 02:00:00,Pond_F,Winter,8.221492262675628,5.622557114763891,0.24355944558575576,538.8152941564715,24.932240463488604,49.43227409412826,27.339089893210925,0.11141111062004319,6.298171698280502,0.06926314531483169,0.029174659587377035,0.01,26.317182869580186,5,0,1.1053041463478346,9.786499184249285,96.50233217591304,Potable
2022-12-07 16:00:00,River_A,Summer,6.593771360575387,7.9603298731798136,0.5959877300247028,327.40743749503844,21.176041135048784,53.50077099600428,59.7406927032422,0.1617985773514782,6.144828284173362,0.01,0.28103850891556337,0.011133436861753275,173.55090124191315,2,0,2.800032489826628,7.744771702107965,99.10601840496295,Potable
2022-12-08 16:00:00,Well_D,Winter,7.767742508181385,6.150451151825631,0.1,566.367848518983,19.71037891925472,93.89622062968613,72.01291874271405,0.01674956706128036,8.072439119400848,0.032322876000887624,0.050403399047938474,0.01,129.15175515642062,2,0,2.2542491591509024,9.510101252991541,99.85,Potable
2022-12-09 11:00:00,Pond_F,Autumn,7.025010936422792,5.781249107137835,1.620989375925477,405.4336579202188,20.36297018024904,76.22418710917978,71.43728059988317,0.31228807617103915,7.987537775630897,0.02379768869595736,0.1267084164860041,0.029013676644156584,146.40477110241494,0,0,2.0951496049921405,6.692000491858678,94.9122632575253,Potable
2022-12-10 13:00:00,Lake_B,Winter,7.474737396249367,8.774989119300043,0.28233023099189225,399.50300934520715,28.435465116976133,57.27513989568652,23.96374813095925,0.10989900717331476,4.913477207962653,0.020474285981084393,0.09474337523063664,0.043046622009761,128.5775576206779,0,0,1.3600119774630288,8.903674430182296,99.57650465351216,Potable
2022-12-11 20:00:00,Spring_C,Spring,8.2644732778728,8.268179564462846,0.14190349958657597,458.1527217820525,22.815150212827234,98.8113144621447,36.886942370379444,0.32240337160997196,3.5683265451351667,0.011171590100204716,0.03362950040395137,0.024037563778702732,53.47363037470468,3,0,1.7777553337308392,8.854970786454269,99.78714475062014,Potable
2022-12-12 05:00:00,River_A,Summer,7.544339011842713,7.166828335169073,0.9006749185324812,248.48595493174565,27.251660158864546,68.76558505806634,29.109567075982397,0.05855169178688942,7.43485936358443,0.021019220322764258,0.10600520492277286,0.01,18.619146742965988,3,0,2.4385732354272878,10.50252039060384,98.64898762220128,Potable
2022-12-13 02:00:00,Canal_E,Summer,7.386247854895,7.365953416742805,0.1,595.8136228134691,21.694219491086006,68.55409817657835,56.796259840008986,0.10980200833969414,4.531142753337698,0.01,0.10658525013325537,0.011354165594114786,63.037075639432764,2,0,1.5758236472549982,5.045208934511914,99.85,Potable
2022-12-14 08:00:00,Canal_E,Summer,5.7551717905096735,4.518204691362795,2.794438029635079,652.3016198428015,26.530538178624887,193.48592151796393,145.25571219034626,2.544296287886871,22.754352669639932,1.9348151429965983,0.3206356298510565,0.13047329958337345,395.088723384255,90,58,12.47743413482711,62.69445020540097,53.88364419167446,Questionable
2022-12-15 04:00:00,Well_D,Autumn,4.708762276431265,2.057423863507293,0.31696324555121025,1212.8608512179321,13.15806694362032,282.45237834638647,163.69530002409115,1.5970649283130534,35.310151571202475,0.15764203704804686,0.30877470931824935,0.07952395505347136,326.61265394674587,108,45,7.814189358010672,6.237775563132246,33.83896305965114,Not Potable
2022-12-16 23:00:00,Lake_B,Summer,6.800302961919282,6.807268535511316,0.19357218992690672,528.630625635232,24.59201274061616,22.202380246316913,36.697300206975385,0.012295420947648452,7.9266709162260724,0.02544821207700807,0.5333286185627775,0.01,10.0,2,0,2.2809202611765844,13.626558334448067,99.70964171510964,Potable
2022-12-17 16:00:00,River_A,Spring,5.737576373850383,5.505243881023388,2.2570698346978806,607.7186557958943,25.333521641280942,163.73766636345317,136.15401029640833,0.6301422256387194,15.987350970027768,0.1461488164713138,0.7959696484364763,0.07406825247591463,374.33183399216455,107,50,17.587774093928942,75.71935973142556,56.080432386424874,Questionable
2022-12-18 13:00:00,Lake_B,Autumn,6.34125213292962,5.011437738208516,0.36159940743025043,436.3113671502557,18.456107967014,49.69114987247487,49.44401792281806,0.07153196221712983,3.2384061623783396,0.01,0.10168046374465799,0.01,16.071603631060228,1,0,1.932309745566929,3.0353176897223655,89.85692263519866,Potable
2022-12-19 20:00:00,River_A,Spring,5.699678633690895,3.218018704125952,18.970368408857045,697.3773863810295,26.099278290213018,41.15697483519318,173.5800983003776,0.16882543174503137,15.679665392710723,0.10615063832472768,0.7924570754474568,0.33968037093226155,417.4289076309881,104,41,20.826717747499636,61.18680604412425,37.452770647141435,Not Potable
2022-12-20 02:00:00,Well_D,Winter,4.0,3.9246546337826045,8.247801948055365,961.5103016580406,21.64505465726277,189.5681507845817,223.32464524926698,5.0,56.70271454196917,0.9700144169126558,0.12699095782130526,0.808321021614053,351.4205755216283,99,48,12.342891760059993,53.92618697373379,28.629606454394153,Not Potable
2022-12-21 00:00:00,Well_D,Winter,6.898947323609371,6.123957736210645,0.2347039330431432,391.1217442606802,19.777213291752435,67.36397632211246,42.05956722662253,0.1900964681748878,1.9459899282425042,0.055346920014008594,0.1486888727624224,0.020447514747351216,81.96266951953427,2,0,2.37970641236995,8.284892873694558,99.64794410043528,Potable
2022-12-22 19:00:00,Canal_E,Winter,7.336683372985963,7.160398365511633,0.2801771355249944,358.6297846179285,23.07174714149819,63.69733557678517,37.52033585527115,0.0873301212093956,2.2646852692268977,0.07122127012467455,0.3569299799722839,0.09292304091197094,123.06636142270602,1,0,0.15926527044206717,2.9139644252313195,99.5797342967125,Potable
2022-12-23 20:00:00,Lake_B,Winter,8.298818492914702,2.9151903840273987,9.162837338117013,769.1916853815906,17.26368105374254,148.96654128353043,184.81695738494386,4.892157287816472,19.368831427590337,0.8674717254828429,0.2303666027926112,0.09504445336271779,357.89349333942334,116,38,23.47918126827515,70.57353739093014,45.001315144906684,Not Potable
2022-12-24 22:00:00,Pond_F,Spring,7.468208366197522,8.574267612909866,0.907537208280623,541.5088151334305,21.92790698908247,52.05205250341421,48.79227815409237,0.01,7.5456526751444315,0.030198785805086024,0.05196470353135261,0.01,39.643904487751485,0,0,2.2500454404636376,13.018141491526208,98.63869418757906,Potable
2022-12-25 00:00:00,Canal_E,Autumn,6.987900488985945,7.079604877638372,0.7187035624053291,488.614511408702,18.653198106331416,106.08787687846119,61.85732365486232,0.03178986302088452,10.5054295751705,0.03459700523725477,0.23599606256603672,0.011000298800396323,109.17266922348779,3,0,1.823482513280269,10.114823199471722,98.92194465639201,Potable
2022-12-26 02:00:00,Lake_B,Autumn,6.609281489793183,1.9012973144825185,20.0,585.6978077641006,30.405575405503257,97.90312823943569,174.25083624134135,0.06712869931837227,58.136953498256695,0.7095666469779977,0.09249839294961557,0.23711828103011043,373.8071467712345,123,42,13.106024217568338,46.569212804337866,40.70389194344756,Not Potable
2022-12-27 17:00:00,Canal_E,Summer,7.939063413086631,7.8301426157890734,0.15107682713884582,570.4206087319831,21.338397431385882,124.9099958592501,70.27811630429909,1.2727874526367493,5.507805073746719,0.032987019869478024,0.01,0.01,20.566781246745848,3,0,1.9048806215458913,5.710463295530737,99.77338475929173,Potable
2022-12-28 09:00:00,Pond_F,Spring,6.1683252488314615,5.058092135924529,5.604558435248425,595.540749365412,18.362227384220425,144.14311652879363,123.48079904727837,0.7617700081725209,32.63238364701888,0.16036609243565741,0.03374845728314434,0.37223216001412096,179.01339958718762,101,62,10.726493075916316,10.080695094406028,51.4407397502268,Questionable
2022-12-29 21:00:00,Spring_C,Winter,4.0,0.29166410787447683,9.29959835658577,1743.955460472381,24.26342927957267,161.5105552903527,55.03414226034205,2.2173805087489953,0.1,0.14584487323784068,1.3253832615657313,0.18198535122171655,179.8568643916811,87,52,9.373154949664631,35.563874185211034,9.875594788744776,Not Potable
2022-12-30 02:00:00,Spring_C,Spring,7.9176235132362685,8.772058982339884,1.6317941874819795,524.4132744438847,16.550481920681964,86.6227632101178,52.80630204747866,0.10298183617741692,7.474485025629448,0.014871995150425305,0.3596593207292861,0.05355970023011565,165.653801514999,3,0,0.5729755381619279,6.541954218370252,97.55230871877703,Potable
2022-12-31 07:00:00,Spring_C,Summer,7.621024130876646,2.3834133121994348,6.328047759575474,821.8851824393913,23.97417306891467,171.2681206154966,61.873850957473024,0.7704708224737882,4.092077998665829,0.9920694660178689,0.30471398107972925,0.4260625773257714,214.48324886966898,90,62,18.39207913543987,37.31913576147222,44.32989056064422,Not Potable
2023-01-01 13:00:00,Spring_C,Summer,6.771846715278426,7.613624457494327,0.7623637884142817,400.7827000247186,14.363961985768123,10.0,41.52402086114938,0.69163964060676,0.1,0.029469425827542407,0.01698129136193488,0.022604184432984155,41.72114557695275,0,0,0.1,4.405528085433393,98.85645431737858,Potable
2023-01-02 23:00:00,River_A,Spring,7.110695012726328,7.1035641705685855,0.5933044524044947,399.35239056102773,24.531831330439957,46.05919353714012,60.78076053131843,0.12156687833836893,8.112761173284701,0.020508691938765738,0.011128084973489832,0.021448522758603424,95.91185427369092,1,0,0.704001996681783,4.078975156731016,99.11004332139325,Potable
2023-01-03 17:00:00,Spring_C,Spring,7.468512969287659,3.2827015935994153,0.10488254395992197,1322.554119092119,23.16059773072601,249.7046365928202,74.74151630822,1.1978906865477488,20.468474366088888,0.7036308727075601,0.5959926639854095,1.098774437219809,338.4869847767714,117,61,20.652606239848478,7.321191336419702,47.352469178476575,Not Potable
2023-01-04 14:00:00,Pond_F,Spring,7.303123772868932,8.999034404659426,0.507774887819536,363.7575066919685,23.740952548740527,83.12043797823422,54.57952278383872,0.7383280330642824,7.528196507632778,0.019255676428223702,0.09314299378972175,0.01,174.16194998075528,3,0,2.310657374974801,10.776161022028337,99.2383376682707,Potable
2023-01-05 21:00:00,Well_D,Autumn,6.597429103897862,7.500421259237118,0.5585131076122495,397.13327013359736,28.688187528017366,68.22756804144805,49.62270208392231,0.4134601813575855,5.881071010551244,0.04478940842847069,0.0445248890799474,0.010736323757222537,45.37316241136731,5,0,3.5119553107144057,7.6844735896940035,99.16223033858162,Potable
2023-01-06 22:00:00,Well_D,Winter,4.4772636137642206,1.8879100850546142,9.99954329736594,1203.946103748691,19.385321704801022,235.35187941705013,138.0702897834383,1.6951526009737112,21.834276022626163,0.026747430640945993,0.4566665168990893,0.742822160176343,439.0456330030163,111,43,14.870895771714945,1.0,18.014278207941448,Not Potable
2023-01-07 01:00:00,River_A,Spring,7.584765734525499,7.927097316791667,0.3026812663922943,413.2973236748803,19.926655960503656,66.2201949969943,28.97619414067637,0.01,2.5796698045789155,0.031454073670802093,0.10207127548499838,0.01,47.81834063504094,3,0,1.8984613455876036,1.0,99.54597810041156,Potable
2023-01-08 09:00:00,Spring_C,Spring,7.022344056941034,5.835390264966233,1.2539067840887084,409.098295262985,27.061263923962503,100.93651401215071,100.49435003463682,0.13548693634362868,3.937565938141765,0.018919137137209392,0.0844250307499299,0.01,117.3904339193028,1,0,2.4444367516125878,7.851098783991679,95.62531061876564,Potable
2023-01-09 01:00:00,Spring_C,Spring,7.505122187802373,9.12614279878311,1.979536554836696,486.4517785514551,20.08570123394994,26.91130905150785,22.068576675634176,0.15158443412079747,2.972630032246016,0.025722945733058302,0.011980118319004217,0.0393923717134346,166.48998197395372,1,0,0.1,9.653166523742437,97.03069516774495,Potable
2023-01-10 16:00:00,Spring_C,Summer,7.3225092977302335,7.026829929363961,0.356772340429259,461.81895273117686,20.165168521846564,78.04869572602834,48.64482871306768,0.04494154593851739,5.348504854656154,0.014584740166864514,0.2395904005897759,0.01,51.87022863197423,2,0,0.9923336758144254,1.731659655651944,99.4648414893561,Potable
2023-01-11 07:00:00,Canal_E,Summer,6.352084727616925,2.5401458292992247,0.7483166788225637,1240.1661664260234,16.740309435552618,152.32253557854136,128.7119541098536,2.920808629083401,0.1,0.23499553061962833,0.3370474582629941,0.6687418280568461,412.71287845659594,97,52,15.387787336694059,11.094399931804134,41.25380888374118,Not Potable
2023-01-12 00:00:00,Lake_B,Autumn,6.5532321282031685,6.819048924193246,0.17372636519727946,678.3446345016724,21.35520791069148,42.803768048276964,60.581137298565565,0.28976434512198246,10.368079812521241,0.014614278663061656,0.13606622958806247,0.011034764434426577,27.763724772563442,2,0,2.9519369206494415,7.800480364092822,99.73941045220408,Potable
2023-01-13 08:00:00,Canal_E,Winter,7.738976947552879,6.598218413299179,0.9077842131813597,461.51013580747673,24.64547785274459,105.28691691720509,40.52928888088678,0.1271067384591537,6.416640430629403,0.022671924799799664,0.2163483042586213,0.014290266374352958,118.37095677761897,2,0,3.300007317564212,6.604094483386209,98.63832368022796,Potable
2023-01-14 10:00:00,Lake_B,Autumn,7.579605499959917,8.237291316547052,0.3121850293859709,781.6336489201171,19.316453056436778,40.50210769240172,26.15705728909324,0.07635579557032529,9.473303197159627,0.027401400263045952,0.08662513261741171,0.01,150.33442848787567,1,0,3.8649656435653963,11.922868381337162,99.53172245592104,Potable
2023-01-15 21:00:00,Spring_C,Winter,7.491943147187657,7.341383322948678,3.521753374514517,502.9034309733918,25.556411114331908,65.81445298300414,52.59572886519048,0.19490372266976436,3.569549643376116,0.08237301815234392,0.02834894143367277,0.06660743572210572,138.0942560479586,5,0,2.569552686864809,11.203031839843776,94.71736993822822,Potable
2023-01-16 15:00:00,Spring_C,Summer,7.972263001839047,7.542482538923175,0.31524609972894435,382.91106136757435,25.498976332125885,128.75495205636983,5.0,0.21154767854119974,8.495640240541025,0.04506239687244692,0.036997516914420214,0.017296418630972882,85.31296937364871,1,0,2.892010706901951,17.953061161954967,99.52713085040659,Potable
2023-01-17 06:00:00,Canal_E,Summer,7.672596863506797,6.496108920781161,0.4008798542063519,652.4374858570499,23.37185412977794,95.14230904245024,53.39734120791737,0.293410471505648,3.8564057285302136,0.01,0.21693446627347496,0.014767516864630521,38.68746227962829,1,0,2.093938346443731,4.361217572971256,99.39868021869047,Potable
2023-01-18 09:00:00,Canal_E,Summer,7.543283003075781,8.35605922349704,0.7397289254971962,438.0709098437702,29.75844763442978,56.35089061118865,50.6965317378908,0.03408870710835365,2.248949595573136,0.01,0.03541882616923716,0.01,80.03084935007226,4,0,1.500691252880023,9.285924302304426,98.8904066117542,Potable
2023-01-19 22:00:00,Lake_B,Autumn,6.093386325986584,8.457789735136867,1.294316031430038,100.0,27.149570594633232,58.828808247823574,71.40243857053198,0.2705852654807943,2.1221697253662937,0.01,0.13711712276251056,0.013299568603977146,67.56442771298809,1,0,0.9203917048951324,12.499619475884263,86.43207125680128,Potable
2023-01-20 02:00:00,Well_D,Spring,7.798447475901208,7.291071513120422,0.5071764047899912,449.3995287247224,26.27891716080186,33.18391304025121,27.133205138311347,0.18297254644543923,0.1,0.04020313893691412,0.46218294090115536,0.036362557125877194,62.13234243092248,0,0,0.8307886672023097,5.923414630979275,99.239235392815,Potable
2023-01-21 17:00:00,Lake_B,Spring,7.2415402571410254,8.767922133331886,0.4394536491782346,412.6236243084063,22.264613498173006,109.01935726798156,43.53057200307868,0.011859122445052874,7.562247868820474,0.036737745341908934,0.8604492042510574,0.01,88.26199408887729,1,0,0.628803237699292,13.073767562947408,99.34081952623265,Potable
2023-01-22 23:00:00,Canal_E,Summer,7.35624584012857,7.395875845775477,4.347829170481149,690.9821079432502,23.407064551257303,100.34055423763203,58.73803293675035,0.30051676796565857,1.129414890979974,0.1288488415072031,0.07624538475669862,0.01,77.33814236851657,3,0,2.731109144220908,9.094711784038399,93.47825624427827,Potable
2023-01-23 12:00:00,Pond_F,Spring,6.1757425956967165,3.477157584078939,10.535743853160714,852.3136028412241,25.213134584667742,55.20386737538158,159.441984976181,0.8496326632851966,25.661092349400864,0.4183924322504309,1.108212732673881,0.21637123128998603,382.00857483589135,98,56,17.55148929656805,2.811773445123336,35.14973909240532,Not Potable
2023-01-24 06:00:00,Canal_E,Spring,7.647528217601817,3.6522468311502676,15.236895487349617,640.7557941683071,19.39047490356258,270.52196567830146,120.84989852717747,2.5454997597561544,45.03672496825233,0.10934667724309943,0.059281380524813,0.7983808794198863,327.49429402685837,100,48,21.425730161631506,1.0,45.9567404934508,Not Potable
2023-01-25 03:00:00,Pond_F,Autumn,7.761087514400843,7.853430866486413,0.12920691759438035,640.1459064090689,20.497722158766116,46.76426171807729,37.04996539232235,0.11886867722862558,0.3354057555957226,0.025771792940518717,0.046948038990648866,0.01,77.48805743649099,2,0,0.1,6.258936377213308,99.80618962360843,Potable
2023-01-26 12:00:00,River_A,Winter,7.517120571529611,7.228518532393065,1.233144118651506,509.161279908627,12.377149028494753,23.56262671792448,77.99823120462787,0.08498313313330914,1.6468095108785734,0.0621648541082252,0.029090002460424997,0.04569905400841857,97.29029138402514,4,0,1.0868272726360901,7.735307001324802,98.15028382202274,Potable
2023-01-27 19:00:00,Canal_E,Summer,7.437642794659946,7.655522425954996,0.7697244189738053,424.28147625402994,24.87106163649929,86.81621275911428,55.18652770582231,0.08258424486009491,5.571904826942992,0.03829856729074519,0.01213017443797244,0.01,132.85540997621365,1,0,1.712894467799977,11.715323096747703,98.8454133715393,Potable
2023-01-28 00:00:00,River_A,Summer,7.315756369647786,7.610682405655826,0.33465462854128764,336.5271500290449,26.16578886753342,96.65673620864183,16.717677040455413,0.3301329016136879,0.1,0.030890839859624573,0.0151869528052132,0.017713116292861274,58.73597782732723,3,0,0.4635904887597804,7.730990411642211,99.49801805718806,Potable
2023-01-29 07:00:00,Well_D,Autumn,5.524194741547661,7.625699822176984,1.6563851581203957,502.76185903125463,17.355524575372655,118.21140049380888,67.66464293354673,0.026593225766827946,6.7698350208630895,0.02498073869770359,0.19211146591664008,0.022745952597049448,80.63570567791703,3,0,4.659995938098837,11.597880544562834,89.61220122901005,Potable
2023-01-30 13:00:00,Lake_B,Autumn,7.056204490274906,8.115700729362553,0.1,445.60482851725965,24.420674598881966,63.973293811797134,18.014705478944393,0.7053525825433974,0.4510031358216491,0.03850894105508329,0.08884885451394886,0.01,38.86579120669527,2,0,0.6596521920791016,8.323854944508074,99.85,Potable
2023-01-31 15:00:00,Pond_F,Spring,6.606472622912521,2.465564558092823,8.854530051164907,1054.557375090524,21.8137782962939,222.26854386233458,176.63653938797708,5.0,12.205257459232492,0.3481401952906446,0.11452790111523291,0.1747022830691791,332.7827007528383,92,56,10.845064956030166,50.556002329017346,36.996537971173254,Not Potable
2023-02-01 13:00:00,Lake_B,Summer,7.805369769469543,8.069079259535643,0.6694159983232977,342.6230188008202,20.533883270371707,62.822193859916325,61.26553109152955,0.04040463265211944,5.596161006124672,0.01,0.15580562948499585,0.01,87.94031205190865,1,0,1.8794768093931535,7.124170094177114,98.99587600251505,Potable
2023-02-02 11:00:00,River_A,Winter,7.5095185991431475,8.732524883117907,0.34652675455425175,327.8291828332377,27.243042109453416,90.12231476298663,74.27411760037472,0.028132030203045978,6.402832070519594,0.01,0.1120074860857758,0.01,98.43478384123777,4,0,1.4335332529879996,10.946073682696541,99.48020986816863,Potable
2023-02-03 18:00:00,Pond_F,Autumn,6.970931506393133,6.089858995019677,0.7540615562602825,301.11665793541806,18.037462439143944,61.537321519742605,5.0,0.17905733988681885,7.393159388782811,0.01956152365139357,0.09398464826981551,0.03581843493149529,40.4456318990729,3,0,1.750569261581112,8.38843316965067,98.86890766560958,Potable
2023-02-04 22:00:00,Lake_B,Winter,7.021141408865378,6.719459901770675,0.1,590.1050639958504,18.03140884522712,68.4328273970998,64.23180214941395,0.2004783831050498,1.0803619594607392,0.02743563761623502,0.01,0.01,110.62262719590944,1,0,2.014060737187958,5.802335953023295,99.85,Potable
2023-02-05 14:00:00,Canal_E,Winter,6.336879215760151,3.044948160145877,2.5666238080963693,1034.646484941875,30.134552605384492,99.33843435681149,185.96298557928083,2.6894970377768437,19.247583761206766,1.2943504847369292,0.5448525974185296,0.49762752483430434,308.36312025891954,115,60,17.147706808927683,25.504706385604628,42.612728357205555,Not Potable
2023-02-06 01:00:00,Spring_C,Summer,4.893395998480294,3.2955402493159514,7.878288174666368,1017.3322020118255,17.35757031707554,135.28781186360146,175.06267324301487,0.7790482953970479,38.46978321676107,0.9411429385997508,1.1285240135370083,0.5425092399343137,509.96192259501646,93,43,22.984705531982307,24.15015355349066,30.932789449692095,Not Potable
2023-02-07 01:00:00,River_A,Summer,4.478005701544717,3.623964931826703,1.2455693166689707,1047.3264613480803,17.579213905348862,106.64892767491258,45.212334345200105,4.905013298151778,35.74889784250871,0.23631542010985562,0.5890141421825845,0.2757581042695669,283.8993155995398,105,65,21.116632317591524,27.202478280009412,38.705666706434315,Not Potable
2023-02-08 22:00:00,Lake_B,Autumn,6.369360253361116,8.53311851539984,0.491959066089684,413.60568182997656,15.605188552684261,88.99267021979729,5.0,0.010179648747861739,5.882823353613388,0.02482062931472807,0.01,0.02199742469629981,107.29642224400197,0,0,1.7206927724123198,11.547945585486968,94.73950241430994,Potable
2023-02-09 21:00:00,River_A,Summer,5.465069830120367,3.4097987985330658,15.061204970088873,1397.4096114919153,20.732171000922023,231.77594688861103,134.08553893250985,0.8586270504255207,22.83201303470633,0.013775039230715826,0.22843719951252528,1.3571734411510104,354.6285277711592,101,50,28.11503065161846,65.37991950285416,23.628531543701936,Not Potable
2023-02-10 18:00:00,River_A,Summer,7.737657069679678,7.606174969746502,1.8876532098670946,603.1652359359163,18.348221937686315,54.539374104149054,72.17065440016509,0.21468394647340203,8.903711453873475,0.01,0.2330372214836175,0.01,140.98603461163356,1,0,1.5721676068958235,14.403786654266733,97.16852018519936,Potable
2023-02-11 21:00:00,Pond_F,Summer,6.9311551512860685,7.1757639891517995,1.443256093569074,176.97782670062566,20.074156893869244,10.0,39.222095420280624,0.11398185771781524,3.602272417473137,0.01,0.07836804537912644,0.014388211201809463,75.34760409048563,1,0,3.419690661246281,10.205793139566374,92.98978326015578,Potable
2023-02-12 21:00:00,Pond_F,Winter,5.235005228183408,3.6301769973779594,17.46918557065098,1168.2151846878269,31.989437545819634,202.83914244284003,48.734565344522565,0.35468363242008993,10.519891907099224,0.5664636029900735,0.3695858220224025,0.43413545138958853,237.27727572243975,102,46,13.695608706026027,48.76014450071298,26.807324134550107,Not Potable
2023-02-13 16:00:00,Spring_C,Autumn,7.5671304585883625,5.13603150574782,0.4655001330451054,316.89815587433736,23.47718590572,55.05066687638393,54.69352807388053,0.01,2.096384329592304,0.055487049853425625,0.12208382714750475,0.03985741922359564,60.24854160086701,1,0,2.004568198072278,5.496713049735489,94.70984431767579,Potable
2023-02-14 19:00:00,Canal_E,Spring,6.13581119319713,2.0532153458349294,6.0131440897939195,1379.3859134866539,21.132539021969933,307.0492329417362,216.46191247016145,2.1153760421897756,40.08145773420135,0.8267158824215234,0.23869876901639253,0.15238182893151608,289.522322359489,90,55,18.008245308765567,43.38537472659215,29.99238597330262,Not Potable
2023-02-15 09:00:00,River_A,Winter,7.190012285640049,5.178369593300085,0.24573313685709774,378.38137148293225,18.40742848864585,43.569449531339984,40.82615732926102,0.030798571049101456,0.29137776100982826,0.037625551436182535,0.02509203065884536,0.01,59.877126752576544,3,0,1.6808942602161252,9.817828613534427,95.16650907461461,Potable
2023-02-16 05:00:00,Lake_B,Summer,6.109313059432133,2.563933884970171,0.6154905157608904,742.5967334101658,26.076735905663064,253.5191374483061,146.28305280111593,0.40073886823079286,42.26991611321052,0.30927087543505244,1.7426850282392654,0.6242239566833346,226.64982917992035,89,36,16.395546688777365,74.51484304215566,52.85581811899771,Questionable
2023-02-17 14:00:00,Well_D,Winter,8.003059745915648,6.732982473098,0.1,483.51354633701845,19.252874264593753,87.06542828405301,20.089274846412234,0.16837908679750113,5.226249178922593,0.11321842272017932,0.011028645727695846,0.01,134.75065118373766,0,0,1.7345187850687918,1.203152700961649,99.85,Potable
2023-02-18 21:00:00,River_A,Summer,5.225707066454239,2.641250429896443,3.502758727349226,477.87466262890234,21.058268578474983,265.9830496009807,111.8172673287834,0.445382552080113,29.68015768910074,0.20837686946172165,0.6584721224699488,0.051080657340425654,353.636445687189,91,46,4.731210850770786,28.772929841746603,44.922441464482446,Not Potable
2023-02-19 10:00:00,River_A,Summer,6.7038285800625745,4.73893803384401,2.1913622920493867,366.46067884725574,10.41776920008833,104.20370745317587,45.39499950251293,0.13748887997458878,5.9805597432600015,0.01,0.06787718505102162,0.01,74.09658799243758,2,0,2.323257932240746,4.687581871393486,90.92977066345796,Potable
2023-02-20 04:00:00,Spring_C,Winter,7.392942191542163,7.083297399765666,0.502061792202172,350.9952064911258,21.65983877542054,132.04866552525627,29.88682998518254,0.3314556757175348,7.1732352870448555,0.01,0.04801945437317366,0.04278178631987863,97.52405581181978,2,0,0.807027990415625,9.010560248341813,99.24690731169675,Potable
2023-02-21 00:00:00,Canal_E,Autumn,7.733799650406246,8.119566472178107,0.47158708085464146,345.077283125879,20.278249229196092,73.35825828097202,27.195806309553365,0.12717875183410854,6.364725799858023,0.01,0.020489626982595405,0.06009215187829206,86.56036435413506,2,0,2.5278728632179637,7.752130406413533,99.29261937871803,Potable
2023-02-22 07:00:00,Well_D,Summer,7.624164750188165,7.910730663269093,0.1,556.2840472284968,20.687416620693707,82.15538550671104,50.85303772910646,0.5950971023901915,0.3574851198433171,0.034567122439769477,0.043899541472592285,0.025209308814352953,27.477627144182364,5,0,1.0454046289682513,10.828526525997468,99.85,Potable
2023-02-23 20:00:00,Pond_F,Autumn,7.240781517492183,8.961738133534894,0.2273768517859449,483.56810498367656,17.952785915964913,43.59169138503669,43.87284580443246,0.376118950196906,5.237546562708881,0.01,0.04118211453248274,0.013566423854124182,121.05038125800434,3,0,1.0042752335102956,5.278428128606011,99.65893472232108,Potable
2023-02-24 11:00:00,Pond_F,Spring,7.853278730882174,7.661051478596589,1.6096801775367213,420.3051366554206,25.241989996601067,39.414297579302726,19.02319850962481,0.08100481168599316,5.47232692051625,0.01,0.06916796072701228,0.020467585297090866,127.018019553487,3,0,1.9747320786253415,7.026928452208887,97.58547973369491,Potable
2023-02-25 11:00:00,Lake_B,Summer,6.7477426555052835,7.874278180481145,0.14390292561222326,285.26416847304955,31.701566357668327,101.01488950998184,37.96329789243727,0.10215250001297926,3.8572096453625226,0.057994514348452784,0.11229485526121497,0.010688745681695554,38.36065396180818,5,0,2.258208542726866,13.242000381621486,99.78414561158166,Potable
2023-02-26 04:00:00,Well_D,Autumn,7.048453527802654,5.66149316819745,0.42908562113137666,424.6660014918119,18.66366057591538,97.04576518310074,33.81601994234367,0.11009588483874844,5.939933038569115,0.026236686968644802,0.3449394113022046,0.01,93.19557681511856,1,0,2.6149258072369297,6.976462706525528,96.34085107289528,Potable
2023-02-27 06:00:00,Pond_F,Autumn,6.761178790120213,6.511731141823191,0.1,489.0941786400039,27.59878455588939,39.111403774862104,75.23713073041739,0.19679588347443075,5.832273727236822,0.01,0.015567564553334573,0.06019178403303219,69.48954888565424,0,0,0.1,8.673363510926007,99.85,Potable
2023-02-28 03:00:00,Lake_B,Spring,7.591246747350311,5.717295256551976,0.5205844663222328,494.79816723892355,23.466599248589176,30.753383724715825,52.609048299434846,0.06759748095458297,4.727374289411099,0.01,0.2063702925545158,0.01,127.59688024977999,0,0,2.7892474860745686,6.031116445741009,96.37100907017259,Potable
2023-03-01 05:00:00,Canal_E,Autumn,4.498559448049538,3.9605957773675167,6.846550394517283,1064.360328108764,16.176034258377296,119.38545395876417,162.3802188139681,1.6538087568834565,50.87616114574591,0.2845422853292309,0.08784793773816296,0.1870225365886894,288.1291227386278,109,46,8.874408238173636,75.98966484517354,31.14079461089332,Not Potable
2023-03-02 12:00:00,Lake_B,Autumn,4.5805009906501,3.2234579239908148,8.74180246033138,1524.266472286979,29.833771040222206,199.9063059047029,213.66460329335453,1.1589167915379393,51.06449050163325,0.04327893303669619,1.1744068534711622,0.5432819572152686,196.07553781022327,86,30,15.103913551213708,27.727994963148888,21.97967404407578,Not Potable
2023-03-03 19:00:00,Pond_F,Spring,7.508835184132875,7.813537967283516,1.393707231704421,100.0,21.66713251906403,57.72620774550268,44.177362225119396,0.10196577704869403,10.600792783023238,0.056887896272903984,0.07912826332562571,0.025684969658459702,152.83515277812734,1,0,1.7636741138651475,9.97128056818466,91.90943915244337,Potable
2023-03-04 14:00:00,Spring_C,Summer,7.5491249568889085,6.6185663915419255,1.2399629201910578,719.94281400779,26.598362758794504,74.81544604996758,57.73106450471428,0.20713302783219803,3.8230789129529223,0.05591830233525998,0.08140690792101554,0.01,28.58337436782005,2,0,2.19809920835804,8.354387462250783,98.14005561971341,Potable
2023-03-05 02:00:00,Spring_C,Autumn,6.746436826872375,6.527050220683335,0.26654986741841646,253.5544688837203,17.44767615617395,97.51187537117816,62.08265221148068,0.10063929680352848,8.14191637452802,0.07739634445698074,0.12850332386922417,0.01,89.92201723146131,2,0,0.1,7.220493387526389,99.60017519887238,Potable
2023-03-06 22:00:00,Spring_C,Autumn,7.728327641886397,7.709446932296418,1.452369171764639,155.25630619995923,20.899973075394193,83.86313136264815,64.41982144905931,0.34052531792083757,5.116571061702863,0.02111140768371192,0.04807625890415579,0.014534594805465307,83.5460332631476,2,0,0.7489752179083287,8.390617643675018,92.65029083535242,Potable
2023-03-07 07:00:00,Pond_F,Autumn,7.427844834333626,6.830613947228866,0.6264542415146952,469.57734195061437,26.99600083129001,86.08362993052371,32.24380895133048,0.16779232232328867,2.597813073990925,0.01,0.03843397725012299,0.013242781056915159,55.855435424756024,3,0,3.1612752444532486,5.791614288868583,99.06031863772796,Potable
2023-03-08 19:00:00,Spring_C,Winter,5.4109302172020515,2.683087117274529,13.039323958364557,1303.2877619257094,28.56702621196074,249.92362073198416,163.4212277457971,3.976634792129903,20.25657740034216,0.6076528659894264,0.9636042023696048,0.45753641652797783,173.48952418270977,102,51,19.960847358706246,45.5602030456168,22.643665791746148,Not Potable
2023-03-09 15:00:00,Well_D,Spring,4.642846432292358,2.3400556313901353,4.82698531078427,827.2474384903178,18.28134370522445,238.48049631634015,181.5463757171463,0.25017770791540184,17.75061846531591,0.1777065356546073,0.8961069809918629,0.1514571335496339,414.4510129684662,98,65,17.542807345715744,1.0,33.74236307980867,Not Potable
2023-03-10 12:00:00,Canal_E,Winter,6.923057867526059,3.8245491274665078,8.709333793426735,1102.1387339450969,31.415223574245545,117.84114996864255,188.34041926967598,0.29770941768824666,34.00654866438764,0.7102870798317262,0.3913926849213617,0.5294929220697349,476.70008775904165,94,52,12.636816242775765,66.81489297930746,40.27756568308297,Not Potable
2023-03-11 17:00:00,Lake_B,Spring,7.625046994658405,6.633277025371546,0.12341736881502535,715.903090271107,24.912031391336107,51.05819055521481,29.986336331369277,0.16551857597019407,12.140136346457986,0.017132714789946643,0.01,0.01,112.58415933242539,3,0,2.714652771537792,5.265448913131362,99.81487394677745,Potable
2023-03-12 09:00:00,Lake_B,Summer,7.63785793120049,6.274232183242398,1.084747269303607,508.1267712408565,24.653712477284387,95.194835048177,39.46149987686691,0.6005251015347516,5.163993818042821,0.022996124041706978,0.02364539707595312,0.013468467850589267,67.16582674311911,1,0,1.5933581811359003,7.468396280221966,98.37287909604458,Potable
2023-03-13 18:00:00,Pond_F,Summer,6.472367729587726,4.547801973802246,1.3842922680345953,1085.4799209054436,27.826570643986148,159.04714708118365,170.59911840043543,0.5220458976437172,6.702673798587348,0.8155378999788198,0.32346079596712135,0.2580174588884541,348.6756541729239,103,52,24.91869353772104,33.25356713563114,48.6742396241241,Not Potable
2023-03-14 16:00:00,Spring_C,Autumn,7.2243374191634135,9.056049439477057,0.7290606964340577,442.2870668389737,23.537143552669193,90.00782984072104,63.5270852949764,0.06998544651731174,0.1,0.01,0.07732924516901793,0.01,121.62137781094212,2,0,2.1905772897277513,6.666671626962028,98.90640895534891,Potable
2023-03-15 23:00:00,Spring_C,Spring,7.455868834539503,7.4609957993813465,0.3890398871620162,178.71210642376462,24.207812591983135,46.44682783581106,61.10836735635839,0.04302103249066843,3.7346462920152015,0.05948016560403809,0.02935934988150441,0.01,75.11598439479398,4,0,2.8466506885827534,11.00151253139353,94.59712176561344,Potable
2023-03-16 18:00:00,River_A,Summer,6.772334742805371,7.722434136969928,1.543746381021139,382.38718362522746,23.371185687708635,33.973471378215535,51.61687161558604,0.16141566037749244,1.6157363000501386,0.01,0.01,0.05009469679221038,117.53067238633099,2,0,3.1630857119482334,6.390420196478018,97.6843804284683,Potable
2023-03-17 22:00:00,Canal_E,Spring,8.043493931512696,8.036377852601703,2.436195299204679,382.53275941095836,28.318932310111563,35.36651022868625,28.69732756900528,0.09651010866607389,6.673718892617791,0.019841395458211473,0.13650840832453168,0.039078000868241786,129.59743622539045,0,0,1.6810275146967943,7.712014201432222,96.34570705119299,Potable
2023-03-18 04:00:00,Well_D,Summer,6.881933097482088,0.2134202079634333,13.51207744437805,1394.641313611,24.676648035921193,223.27677037263166,142.70851825485295,0.12750369354916133,22.551202613509247,0.412489098444144,0.10830747317496872,0.17221411747473853,195.98958977778855,115,50,10.486677976608174,70.97032892598412,22.220640919725298,Not Potable
2023-03-19 20:00:00,Lake_B,Winter,7.414406157310349,6.6530876716830205,0.2524483308042845,741.3284419040656,22.19276465178087,45.779050944700174,72.529803518579,0.2058649639331998,4.562073703076939,0.027710612831295764,0.613598006395549,0.04169513266123933,46.5912163734736,4,0,1.853740981891801,6.3166381405496885,99.62132750379357,Potable
2023-03-20 22:00:00,River_A,Summer,7.298650209996426,9.219846211102585,0.17269890213706876,159.48070669016414,17.940124670729162,90.72961626581022,65.47274666511483,0.15370279266469775,6.972159313698812,0.02453230720057716,0.23028808420706692,0.01,76.30581095259996,2,0,3.3350432139975243,3.354895089695889,94.63316224714686,Potable
2023-03-21 08:00:00,River_A,Winter,6.021880980314772,6.499933982474674,7.1212451673300485,1033.3979495518934,13.421338871078177,179.43786565974233,161.72511235134394,5.0,36.449323946543764,0.6470455638728889,1.203191635747054,0.6543563092537124,164.2538864369215,100,51,18.89587707441294,34.67396121420016,45.40468692698562,Not Potable
2023-03-22 11:00:00,Pond_F,Summer,7.464374422899831,8.14808836466041,0.1,174.97356840122313,23.299826804233522,112.56787012536205,67.38915259409644,0.13069737349450497,10.602721386105069,0.05969976743071524,0.16004971293391734,0.01,90.08482006610939,6,0,1.5202371841953215,9.104280517357251,94.97460352601834,Potable
2023-03-23 20:00:00,Lake_B,Autumn,6.04917920248491,1.6448603754465845,1.0731495298522136,1114.840359490405,29.761628819557565,138.23471087781888,57.14891452288039,0.015187117013307484,15.010735058417094,0.17041255632984526,0.19501276119550065,1.043477489802867,189.00393642924635,104,43,11.340105830913362,40.22530827190725,38.298968249145005,Not Potable
2023-03-24 00:00:00,Pond_F,Winter,6.088193984502235,5.541558457865362,0.6446776770715723,320.30967883230096,21.769257588410575,78.21936606378661,51.07661577427343,0.04595099034500054,7.686851228444809,0.03831836947443491,0.013759214932477544,0.01,68.53746270674179,0,0,3.106968867674915,9.203307106407715,90.01043479599767,Potable
2023-03-25 00:00:00,Well_D,Summer,5.842946349754457,7.141153583087081,0.587924697857437,225.84805387479,28.470997242096836,82.41481969429957,58.52562361359214,0.06931826150928624,0.6556177675392849,0.01,0.0973690256279773,0.01619105332578241,94.07466479895281,2,0,3.219250135775183,9.016139922507056,92.48989835223168,Potable
2023-03-26 14:00:00,River_A,Autumn,6.800250833418257,7.556628451812171,4.174421209247791,586.9638045794669,28.239750809491284,85.71999173336052,70.22970371152418,0.08496352939266816,1.486293658312285,0.06440995196417558,0.01,0.03025634684772285,19.631416580133006,2,0,0.8890830097032605,3.421131706834424,93.73836818612831,Potable
2023-03-27 01:00:00,River_A,Winter,7.278189061459139,7.633151211424286,0.18035879989844958,488.3471555775644,30.896179114753203,94.27201776534639,36.08567207675196,0.2746570197054167,6.436515278313419,0.01,0.21654275065873124,0.01,80.77320778431077,2,0,1.5547976494627207,5.6366445599259505,99.72946180015232,Potable
2023-03-28 21:00:00,Canal_E,Autumn,6.352503675328057,2.192761498189907,2.66456718123107,1066.2054835389524,19.606456059166476,392.8096417916153,115.92010937062939,2.452220499159073,42.48054780649163,0.10341031151748253,3.0,0.3280423215045163,435.97158090964297,95,53,23.88399189788623,10.028637390881215,40.24836617095106,Not Potable
2023-03-29 15:00:00,Well_D,Spring,6.956621495745358,8.257662872939976,0.1,370.25192629987583,31.61207276714196,50.27235118683633,74.46155957293065,0.09444553899078482,3.126572471374694,0.01,0.11955841938938186,0.01,91.31752141843478,3,0,2.3857994177775934,6.609276659700177,99.85,Potable
2023-03-30 07:00:00,River_A,Spring,5.933067374665321,3.2415268282566836,2.658259015399091,888.2524360389559,23.565237639388233,13.278171311922335,174.99935204659212,0.44353257406993496,23.08874120353551,0.42519910291323676,3.0,0.13204270363550888,308.41733670285237,94,59,24.059650373417277,60.494628235965095,44.54567491974836,Not Potable
2023-03-31 12:00:00,Well_D,Winter,6.35381488601897,2.572849533694206,0.3751101281068858,708.1777679104542,19.331750744365554,299.9557093836313,136.28237241684775,0.04881276300431325,36.166051725707696,1.0123394619375743,0.36340707570174074,0.2947009559499722,448.55953229646474,97,54,7.807456014560935,30.107590155405347,53.02114295299817,Questionable
2023-04-01 20:00:00,Lake_B,Summer,6.700343621174931,7.455045413227617,1.3823029330275594,449.5919707336331,17.998429722058077,68.00033571332533,59.895548892274945,1.4723557563178846,1.370801881138668,0.01,0.035848142872650916,0.016392141034998357,139.47980930664454,1,0,2.5816220130799077,15.378387944250914,97.92654560045867,Potable
2023-04-02 00:00:00,Spring_C,Winter,5.302650277875609,4.341074395987191,9.608926744725478,1012.7711024137099,32.79218440190151,249.26211937104705,130.64370474702244,1.3178495271037025,1.7328778377750709,0.204763923052217,1.116628019937289,0.09443214521896157,299.91028702836036,83,45,22.577679263405074,44.93527347711834,34.67886764617015,Not Potable
2023-04-03 15:00:00,River_A,Autumn,7.606478556182825,7.532401441369674,0.5953839542796321,357.38155459249066,22.20650601124168,88.53510348105752,91.64175535819237,0.9206467122749515,11.220596738122536,0.056137022063874234,0.049373240658778565,0.01,127.42671358901595,1,0,2.6660104939049427,12.588738353103121,99.10692406858055,Potable
2023-04-04 06:00:00,Canal_E,Summer,6.722969126126839,8.249089844253069,0.4800070371189897,557.402601504639,22.504526063384063,63.49050215751921,72.577831468847,0.21574209667093466,2.5740645294123854,0.02885553679238472,0.01,0.01,55.147388592690945,0,0,2.7805672808206303,10.464245211639877,99.27998944432152,Potable
2023-04-05 04:00:00,Lake_B,Spring,6.039385530732896,2.0413147162920535,0.4554869610165747,1187.5894576698975,28.875832976917224,218.5744709201755,167.8633431766278,0.08657106226563308,20.43565055923973,0.2507216736748986,2.12513795403127,0.5859061102025976,284.0548642064883,93,49,12.607772360905122,53.6660015310986,40.33441396523442,Not Potable
2023-04-06 21:00:00,Well_D,Summer,5.010071868158418,0.7236943019769084,1.1291695806695325,975.2060595920077,21.404095940235234,232.0752027845556,171.8748113462988,1.3426386144723887,21.758748623107152,2.0,1.6164740713968044,0.5074460336145364,271.7115500690624,95,52,8.40472388435608,43.15950837130985,34.13952511367998,Not Potable
2023-04-07 22:00:00,Pond_F,Spring,5.327491220232146,1.5059473084460042,3.942680562768905,1629.9275194979673,21.77573935467073,266.99375146970755,76.37150064055113,2.93116463655324,15.966919604235843,0.28199124280315724,0.014698447025289633,0.018766915065679318,343.77385720467936,92,35,9.897737713533944,23.381286233478725,26.113785962113237,Not Potable
2023-04-08 02:00:00,Lake_B,Summer,6.9598988129264905,7.91886474740898,0.48055006472196676,379.4545286094057,17.77910603950385,80.201789521171,36.51385593299448,0.031128680273908554,4.79260118089656,0.01,0.05951598745170988,0.01,10.0,0,0,2.1142449148380256,8.745052993608908,99.27917490291705,Potable
2023-04-09 11:00:00,River_A,Summer,7.557043056476266,8.363879821668837,2.2107809499884334,206.28279609041067,23.028553863232382,50.813496061897226,66.27149217693614,0.34603883937420443,2.6540547797541016,0.1310176456047072,0.04518593077359947,0.01,95.94270803959162,3,0,2.313465001409862,7.136117595424771,96.68382857501734,Potable
2023-04-10 15:00:00,Well_D,Summer,5.57759545262109,2.670864111114739,1.3172178945544881,975.969269507854,25.437684271634694,345.9999777479347,114.27754453541007,0.4171947606031017,20.443196503038003,0.25285791768610266,0.4943657418928471,0.1558137776059358,269.9109339176813,99,51,14.88449929142594,50.26464951300213,41.35760825937903,Not Potable
2023-04-11 18:00:00,Spring_C,Autumn,7.115374557971847,7.276649459116264,1.2736100529043743,315.97102725700177,13.465456633364717,90.29932204983406,46.25286133630586,0.19533458514072288,0.3808372684276842,0.035686248897480975,0.08467957438746261,0.03288797911748234,96.55651115594341,2,0,1.1754140281238454,9.334190797542586,98.08958492064343,Potable
2023-04-12 04:00:00,Lake_B,Autumn,7.2645323991200845,8.22600343256767,1.1309590539594343,913.8961917694023,15.834752487691546,50.828031716450994,60.927982533505,0.08421139898989516,5.585142830477237,0.01,0.06398210501891284,0.01960569241815372,101.5760596068885,2,0,2.7238463732552614,3.7244870625988673,92.09511854251981,Potable
2023-04-13 21:00:00,River_A,Winter,4.635995238989149,5.023689522252609,1.4088355084638362,585.3092172589714,34.00252262612889,256.879121402149,152.3207949303286,3.641768152265457,0.1,0.19026946789141763,0.8281839886231896,0.8886991405714897,346.184596294495,104,46,14.151060814166199,68.37267128503937,51.50179626001867,Questionable
2023-04-14 13:00:00,Canal_E,Winter,6.226056681368264,7.849812342548864,0.14528930532053536,268.06125863247905,27.455871494643453,84.8709406349095,70.8789352796638,0.06161947195700562,7.376490407732612,0.01,0.16564315033294175,0.01,95.73087227646145,2,0,2.744691161972273,8.150713065578314,94.68629276749225,Potable
2023-04-15 04:00:00,Pond_F,Spring,7.591859390907283,8.077025826668454,0.1,580.4326659971687,20.040429079441274,37.00273680482981,49.64517844220291,0.058984422575253964,6.473645182356973,0.014837286662531743,0.041654077089966386,0.01,109.70162698401535,1,0,1.8796325856742948,6.786893545346947,99.85,Potable
2023-04-16 14:00:00,Well_D,Autumn,7.735562286892326,8.55109512069933,0.9388229459903195,430.04671790398663,14.007037539821845,95.69098859627121,19.83761363408056,0.19013911177410275,9.755898179604014,0.010027946535118905,0.04929209773559358,0.05098344465272518,109.22970751335471,1,0,3.1774051445298053,6.84451858290838,98.59176558101453,Potable
2023-04-17 16:00:00,Lake_B,Spring,5.726148071343942,2.4418676378205673,4.224614148077224,904.1279325127488,28.054755970300633,205.39731876678323,160.3781660168503,3.5447200523519813,43.094909555890446,0.22033388316804928,0.2010360985410964,0.03734497025185537,305.48037279171695,113,59,19.77903455672768,34.44119181692338,37.8313549890304,Not Potable
2023-04-18 13:00:00,Lake_B,Winter,7.324839502110629,0.1,4.356159082222108,685.2620526223125,22.425724312802522,232.68887863751172,176.41144072688152,5.0,6.562336416433691,0.43588044140865984,0.12712439815680482,0.01,334.38164773477047,95,61,10.035071807711748,49.460091009775994,44.51576137666684,Not Potable
2023-04-19 19:00:00,Spring_C,Spring,6.556979018973543,3.030739519389037,6.27099431111297,879.2587922831011,27.81645313717423,288.0048804762773,198.3157943346918,0.6463389499551039,55.57812092933239,0.052429231136572524,0.6810298575276958,0.01,318.2282545530162,114,51,12.732013108433211,34.069674897846284,43.99684520725114,Not Potable
2023-04-20 04:00:00,Spring_C,Winter,7.375644404712271,7.154606845329953,0.1,243.1361410380552,23.276179489279105,88.94339238069492,67.88154974475238,0.1833491392281034,4.622713068335928,0.01,0.05624745892355461,0.01,102.22191891017097,3,0,1.3186780712883999,6.039820216839898,99.85,Potable
2023-04-21 11:00:00,Canal_E,Autumn,4.208685929143773,0.5810073629396588,2.9328790432528407,1295.3665872892518,30.800857425904717,251.5276337793568,107.51144417046757,1.1875175796365753,32.139487932673354,0.3474392809288368,0.21632791829724943,0.10354849780203011,196.49486342748492,80,55,19.156662621480102,16.941317991750324,25.24794843117603,Not Potable
2023-04-22 15:00:00,Pond_F,Summer,7.779895622644653,7.76628373044863,0.8927446648189253,256.7324721616051,18.49548109137122,90.21270863501827,46.565993965417725,0.42496870557192373,1.6246962184748375,0.04710146716741537,0.1416655261106363,0.022087884551648857,110.28368737441984,1,0,3.0069215058454204,3.9821133751537916,98.66088300277161,Potable
2023-04-23 15:00:00,Canal_E,Autumn,7.011542887293052,5.691252984357748,0.14894087140321977,533.8358941746242,18.568799229743647,53.47052832803291,100.25188301566548,0.0792763894115201,1.2421218910491385,0.04073431412366407,0.030931699188792478,0.01,11.043438086798432,4,0,1.9328813787371486,4.927316823091469,96.85034764596841,Potable
2023-04-24 20:00:00,River_A,Spring,7.471231930750118,8.831756970394554,0.1,587.8498135885272,29.431714243710733,50.037901363897646,24.315675141406913,0.06842416010071117,2.5564012234614526,0.01940658429633683,0.22101354398765213,0.01,46.07212514381883,4,0,2.7504850653734474,7.240611889384947,99.85,Potable
2023-04-25 06:00:00,River_A,Spring,7.827178434286356,7.543873359828975,0.32175216815297947,430.9623293955059,26.638454353701125,47.60688785206749,35.19732790020434,0.0628081175105045,3.9464772077039214,0.01,0.38740036028196523,0.010187590144602163,130.66337130130847,2,0,1.3256995890870584,11.093175639229644,99.51737174777054,Potable
2023-04-26 03:00:00,Canal_E,Autumn,7.404172582197389,7.084998417664881,1.161850156819245,404.37786964682954,24.298069362468727,81.88096538628785,49.53139862033184,0.03129633860167141,4.061378116386824,0.028240083591299293,0.06817609729646809,0.03297002883604479,108.34377751908066,0,0,0.9035535794584204,10.895898094141703,98.25722476477114,Potable
2023-04-27 00:00:00,Pond_F,Autumn,7.197650297779914,4.970283789394539,0.42710984824484516,302.44108430084697,13.254267097061735,49.589505264917904,98.31498784100167,0.17423024191408193,2.6635858141898328,0.015662872005020905,0.27636268406553105,0.06791133832916964,91.6603235398438,0,0,2.695475502398465,10.996457621744156,94.27018659581634,Potable
2023-04-28 04:00:00,Canal_E,Winter,7.423000047333593,7.463186493821717,0.8466819737859208,519.4114075056452,24.312767580222346,63.906620538207605,49.57797646415384,0.0368359209394812,1.2381843762989844,0.01141709427098175,0.01,0.020209293823392423,117.74855508903697,0,0,1.4408144579923214,4.969026453864279,98.72997703932111,Potable
2023-04-29 22:00:00,Pond_F,Spring,6.707025951711927,4.627089213262417,11.047141686892214,926.7580251072009,26.000688666414984,55.26197948737996,120.48674132686645,1.6226340796192764,38.9402322590133,0.930307334147205,0.03790802024264706,0.1379861751848879,249.28249645971908,122,62,27.35346763165218,62.00571658165032,42.47989726317924,Not Potable
2023-04-30 09:00:00,Pond_F,Spring,6.9213594379479595,6.602953569354745,0.1,557.3589508585216,16.887467439259336,83.20251774693028,43.28329000826729,0.1235975716629339,5.349715583668043,0.017213738126319704,0.03725797862585362,0.01522102124619936,110.31660712590336,0,0,1.2397504605490486,11.706929242449457,99.85,Potable
2023-05-01 21:00:00,Well_D,Autumn,5.279240629512627,1.8914746949682784,0.1,929.6889630415391,27.043228344234542,188.76375204139887,181.8748240747619,2.0448690231466893,3.7360971119693147,0.04098962089184711,1.7983116249014839,0.13311442155956418,144.9205835410229,111,53,17.015402096074077,63.16867641142931,40.19605215733226,Not Potable
2023-05-02 04:00:00,Pond_F,Summer,5.965958427742972,3.677416024089384,3.485858317083161,993.5720338820308,18.532763118231248,64.93166882556775,183.50611794440374,3.410229714498354,41.97666826781428,0.333106701710461,0.594692526580661,0.6560670691765467,481.9384540549341,93,58,0.1,41.605901027373754,43.313713799384836,Not Potable
2023-05-03 03:00:00,Spring_C,Spring,5.39210259307694,2.4516940743627416,4.374878176178106,991.4776413120507,31.14444065059658,153.02589621139035,185.58320430371867,3.9087481195452183,26.007904841435458,0.11770835151499259,0.1178695304578267,0.09397580711229518,301.7983402516576,102,48,36.81862278040994,80.7969714948128,34.98901071144807,Not Potable
2023-05-04 01:00:00,Pond_F,Summer,6.78844096932596,8.071878066178355,0.6385647327209115,243.96654121018068,19.279322393199095,107.08078326201094,65.48374652970989,0.2381683669713509,3.9000266831585018,0.01,0.024014295552985884,0.01,136.42350884112614,3,0,0.5383150462186266,2.884611059204362,99.04215290091864,Potable
2023-05-05 19:00:00,Pond_F,Autumn,4.609170056211383,4.929847233255915,0.2802700295797264,1110.7993063468393,18.54400794529125,137.64458986096545,111.20557773526043,0.28594317379834994,24.637476889894202,1.4121123501780208,0.7924497798619388,0.08551268684423202,383.3177641139439,80,47,21.07308731516846,11.409284270982369,46.64382728504109,Not Potable
2023-05-06 09:00:00,Pond_F,Autumn,7.002502259908491,2.534450432711895,1.8847075588848574,1036.3140849642052,25.33016250712879,261.78838509317126,90.1051002136198,3.6599950033147604,0.1,0.7167800947995888,1.5601857441924096,0.12275132700414725,343.0835115926524,105,42,15.57598044552101,70.84958317528867,46.73157868534532,Not Potable
2023-05-07 18:00:00,River_A,Winter,6.420636201446816,1.5466059776271264,3.4577317812292363,1148.974501164978,23.08084159512675,129.58645451214892,168.52401226318779,0.14568421811576346,33.67447034515403,0.5957431983678929,0.6403995218244082,0.7203986127349592,438.2147783350684,105,48,0.1,39.88495346276261,35.40114754935012,Not Potable
2023-05-08 00:00:00,Spring_C,Spring,6.075846649748725,1.7492999975466081,1.2204264441244292,485.6637838824529,29.7769443962527,207.07270496612512,97.57376552159052,1.9185208472435813,23.084358001929246,0.13651419341622345,0.4230686651536754,0.4075869382425441,146.39590694954356,93,45,16.458443593123853,62.7692851546481,48.770646925448084,Not Potable
2023-05-09 23:00:00,Spring_C,Summer,6.05792607125883,7.855977123959746,0.1,292.12798845053806,23.582726227360435,10.0,33.466788124415814,0.11455495175424468,0.1,0.01,0.1980636668241756,0.01,99.58236564748479,2,0,1.3858671441763284,10.443185088436561,94.08170428503533,Potable
2023-05-10 04:00:00,Canal_E,Winter,7.319654233410173,7.792651387400598,0.7688821971380952,562.8487339541155,25.011690661151324,103.38602106805493,56.678337807866015,0.19518021254874934,3.6897556302523196,0.01,0.050905680716607705,0.01,63.07105068932705,0,0,1.728479243275983,2.85100960859367,98.84667670429286,Potable
2023-05-11 12:00:00,Well_D,Spring,5.038111696309102,0.9536283671731343,3.3411455686099307,947.3287316570259,18.2467960241677,328.5120602120905,162.51799085379065,0.7954096249023983,14.38802171434785,0.01,0.8287426004226819,0.2500918951124306,554.9535934486057,116,44,18.58529496504614,54.99910932308697,31.29168255898552,Not Potable
2023-05-12 03:00:00,Pond_F,Winter,6.531063254394883,7.4329928580564895,0.7087974459161832,894.4662684460062,17.733269186776546,47.70313181648747,29.203853310469494,0.22954677739582663,8.912604696954944,0.021239631075050083,0.0714716949301838,0.01,79.76877530124237,0,0,2.085257556001474,7.085976989435597,93.01980980443564,Potable
2023-05-13 15:00:00,Lake_B,Autumn,7.475779635106212,6.928625778550088,0.1,611.3486203238848,22.199944141426716,46.845939136161235,76.00731670605975,0.04672990654391293,2.642313062160841,0.03976992035956075,0.053899887202708996,0.023984447784097154,125.30677013320172,2,0,1.7981370525670555,7.551694701721587,99.85,Potable
2023-05-14 23:00:00,Well_D,Spring,6.4039416025799785,2.705216820858925,4.894032993085149,1100.3380192291015,26.33312042141302,138.76663302295458,144.69304950876673,0.01,0.1,0.42242266888075736,0.9363994532629141,0.9400318326482577,223.87354727858826,105,50,17.698321080889237,1.0,37.38529709483244,Not Potable
2023-05-15 15:00:00,Well_D,Winter,6.775688357955398,4.423760559641509,8.84173301413156,1202.6172205878968,22.419771967434173,250.091974183651,210.8620322663287,3.3637674270167714,21.554515129643782,0.1441801084270869,0.9322302942759664,0.01,281.8150162940894,97,52,18.211951453891434,25.203008408635924,39.919423848908735,Not Potable
