Model,R2
LightGBM,0.9996300209436672
Random Forest,0.9987142813281917
Linear Regression,0.9960146543719837
XGBoost,0.9792078976204087
